1674247394.4163067,0C:B8:15:F3:68:DC,ESP32-Simon-01,58:bf:25:93:7c:8a,-89
1674247395.2818222,58:BF:25:93:7C:88,SHIELD,00:04:4b:84:44:74,-84
1674247395.2818222,58:BF:25:93:7C:88,[LG] webOS TV OLED65C25LB,20:28:bc:83:18:75,-59
1674247397.4739077,0C:B8:15:F3:68:DC,ESP32-Simon-01,58:bf:25:93:7c:8a,-91.0
1674247398.367613,58:BF:25:93:7C:88,[LG] webOS TV OLED65C25LB,20:28:bc:83:18:75,-64.0
1674247398.367613,58:BF:25:93:7C:88,SHIELD,00:04:4b:84:44:74,-80.0
1674247401.4384596,58:BF:25:93:7C:88,SHIELD,00:04:4b:84:44:74,-79.0
1674247401.4384596,58:BF:25:93:7C:88,[LG] webOS TV OLED65C25LB,20:28:bc:83:18:75,-65.5
1674247415.7820752,0C:B8:15:F3:68:DC,,58:bf:25:93:7c:8a,-84
1674247416.6976678,58:BF:25:93:7C:88,[LG] webOS TV OLED65C25LB,20:28:bc:83:18:75,-62
1674247416.6976678,58:BF:25:93:7C:88,SHIELD,00:04:4b:84:44:74,-75
1674247419.7683485,58:BF:25:93:7C:88,[LG] webOS TV OLED65C25LB,20:28:bc:83:18:75,-70.0
1674247419.7683485,58:BF:25:93:7C:88,SHIELD,00:04:4b:84:44:74,-74.0
1674247422.830099,58:BF:25:93:7C:88,SHIELD,00:04:4b:84:44:74,-78.5
1674247422.830099,58:BF:25:93:7C:88,,20:28:bc:83:18:75,-66.5
1674247425.9014533,58:BF:25:93:7C:88,SHIELD,00:04:4b:84:44:74,-78.33333333333333
1674247425.9014533,58:BF:25:93:7C:88,[LG] webOS TV OLED65C25LB,20:28:bc:83:18:75,-68.66666666666667
1674247428.9677958,58:BF:25:93:7C:88,SHIELD,00:04:4b:84:44:74,-78.5
1674247428.9677958,58:BF:25:93:7C:88,[LG] webOS TV OLED65C25LB,20:28:bc:83:18:75,-66.5
1674247432.056555,58:BF:25:93:7C:88,SHIELD,00:04:4b:84:44:74,-77.8
1674247432.056555,58:BF:25:93:7C:88,[LG] webOS TV OLED65C25LB,20:28:bc:83:18:75,-65.0
1674247432.056555,58:BF:25:93:7C:88,ESP32-Maxim,0c:b8:15:f3:68:de,-82.0
1674247435.1355243,58:BF:25:93:7C:88,SHIELD,00:04:4b:84:44:74,-79.4
1674247435.1355243,58:BF:25:93:7C:88,[LG] webOS TV OLED65C25LB,20:28:bc:83:18:75,-63.0
1674247437.214862,0C:B8:15:F3:68:DC,ESP32-Simon-01,58:bf:25:93:7c:8a,-87.0
1674247438.2102551,58:BF:25:93:7C:88,SHIELD,00:04:4b:84:44:74,-77.0
1674247438.2102551,58:BF:25:93:7C:88,[LG] webOS TV OLED65C25LB,20:28:bc:83:18:75,-63.2
1674247438.2102551,58:BF:25:93:7C:88,ESP32-Maxim,0c:b8:15:f3:68:de,-82.0
1674247441.327338,58:BF:25:93:7C:88,SHIELD,00:04:4b:84:44:74,-75.8
1674247441.327338,58:BF:25:93:7C:88,[LG] webOS TV OLED65C25LB,20:28:bc:83:18:75,-60.4
1674247443.3201928,0C:B8:15:F3:68:DC,ESP32-Simon-01,58:bf:25:93:7c:8a,-85.0
1674247443.3201928,0C:B8:15:F3:68:DC,,20:28:bc:83:18:75,-91.0
1674247444.4225326,58:BF:25:93:7C:88,SHIELD,00:04:4b:84:44:74,-75.2
1674247444.4225326,58:BF:25:93:7C:88,[LG] webOS TV OLED65C25LB,20:28:bc:83:18:75,-61.8
1674247447.4893675,58:BF:25:93:7C:88,[LG] webOS TV OLED65C25LB,20:28:bc:83:18:75,-61.6
1674247447.4893675,58:BF:25:93:7C:88,SHIELD,00:04:4b:84:44:74,-75.4
1674247447.4893675,58:BF:25:93:7C:88,Simon's A53,f0:65:ae:2f:c5:d5,-66.0
1674247447.4893675,58:BF:25:93:7C:88,,0c:b8:15:f3:68:de,-86.0
1674247449.4389815,0C:B8:15:F3:68:DC,,f0:65:ae:2f:c5:d5,-76.0
1674247450.5576735,58:BF:25:93:7C:88,[LG] webOS TV OLED65C25LB,20:28:bc:83:18:75,-61.4
1674247450.5576735,58:BF:25:93:7C:88,SHIELD,00:04:4b:84:44:74,-75.2
1674247450.5576735,58:BF:25:93:7C:88,Simon's A53,f0:65:ae:2f:c5:d5,-59.0
1674247452.4808943,0C:B8:15:F3:68:DC,Simon's A53,f0:65:ae:2f:c5:d5,-72.5
1674247453.6327107,58:BF:25:93:7C:88,Simon's A53,f0:65:ae:2f:c5:d5,-55.666666666666664
1674247453.6327107,58:BF:25:93:7C:88,SHIELD,00:04:4b:84:44:74,-75.6
1674247453.6327107,58:BF:25:93:7C:88,[LG] webOS TV OLED65C25LB,20:28:bc:83:18:75,-61.2
1674247455.5405052,0C:B8:15:F3:68:DC,Simon's A53,f0:65:ae:2f:c5:d5,-72.0
1674247456.7262664,58:BF:25:93:7C:88,Simon's A53,f0:65:ae:2f:c5:d5,-52.25
1674247456.7262664,58:BF:25:93:7C:88,[LG] webOS TV OLED65C25LB,20:28:bc:83:18:75,-61.8
1674247456.7262664,58:BF:25:93:7C:88,SHIELD,00:04:4b:84:44:74,-77.0
1674247456.7262664,58:BF:25:93:7C:88,ESP32-Maxim,0c:b8:15:f3:68:de,-87.0
1674247458.6102815,0C:B8:15:F3:68:DC,,f0:65:ae:2f:c5:d5,-71.5
1674247459.7758222,58:BF:25:93:7C:88,SHIELD,00:04:4b:84:44:74,-76.2
1674247459.7758222,58:BF:25:93:7C:88,Simon's A53,f0:65:ae:2f:c5:d5,-53.6
1674247459.7758222,58:BF:25:93:7C:88,ESP32-Maxim,0c:b8:15:f3:68:de,-87.6
1674247459.7758222,58:BF:25:93:7C:88,[LG] webOS TV OLED65C25LB,20:28:bc:83:18:75,-61.0
1674247461.6940234,0C:B8:15:F3:68:DC,Simon's A53,f0:65:ae:2f:c5:d5,-71.2
1674247461.6940234,0C:B8:15:F3:68:DC,ESP32-Simon-01,58:bf:25:93:7c:8a,-89.0
1674247462.8536398,58:BF:25:93:7C:88,SHIELD,00:04:4b:84:44:74,-76.2
1674247462.8536398,58:BF:25:93:7C:88,Simon's A53,f0:65:ae:2f:c5:d5,-49.6
1674247462.8536398,58:BF:25:93:7C:88,[LG] webOS TV OLED65C25LB,20:28:bc:83:18:75,-61.6
1674247464.7554805,0C:B8:15:F3:68:DC,Simon's A53,f0:65:ae:2f:c5:d5,-70.0
1674247464.7554805,0C:B8:15:F3:68:DC,ESP32-Simon-01,58:bf:25:93:7c:8a,-88.5
1674247465.9142694,58:BF:25:93:7C:88,SHIELD,00:04:4b:84:44:74,-74.6
1674247465.9142694,58:BF:25:93:7C:88,[LG] webOS TV OLED65C25LB,20:28:bc:83:18:75,-63.8
1674247465.9142694,58:BF:25:93:7C:88,Simon's A53,f0:65:ae:2f:c5:d5,-49.0
1674247467.8198383,0C:B8:15:F3:68:DC,Simon's A53,f0:65:ae:2f:c5:d5,-68.4
1674247467.8198383,0C:B8:15:F3:68:DC,ESP32-Simon-01,58:bf:25:93:7c:8a,-88.33333333333333
1674247468.9888196,58:BF:25:93:7C:88,SHIELD,00:04:4b:84:44:74,-74.4
1674247468.9888196,58:BF:25:93:7C:88,[LG] webOS TV OLED65C25LB,20:28:bc:83:18:75,-63.6
1674247468.9888196,58:BF:25:93:7C:88,Simon's A53,f0:65:ae:2f:c5:d5,-51.0
1674247468.9888196,58:BF:25:93:7C:88,ESP32-Maxim,0c:b8:15:f3:68:de,-87.4
1674247470.9007401,0C:B8:15:F3:68:DC,Simon's A53,f0:65:ae:2f:c5:d5,-68.0
1674247472.0633242,58:BF:25:93:7C:88,Simon's A53,f0:65:ae:2f:c5:d5,-52.2
1674247472.0633242,58:BF:25:93:7C:88,SHIELD,00:04:4b:84:44:74,-73.8
1674247472.0633242,58:BF:25:93:7C:88,[LG] webOS TV OLED65C25LB,20:28:bc:83:18:75,-63.0
1674247473.97162,0C:B8:15:F3:68:DC,Simon's A53,f0:65:ae:2f:c5:d5,-67.4
1674247475.1287026,58:BF:25:93:7C:88,[LG] webOS TV OLED65C25LB,20:28:bc:83:18:75,-63.0
1674247475.1287026,58:BF:25:93:7C:88,SHIELD,00:04:4b:84:44:74,-75.0
1674247475.1287026,58:BF:25:93:7C:88,Simon's A53,f0:65:ae:2f:c5:d5,-52.6
1674247475.1287026,58:BF:25:93:7C:88,,0c:b8:15:f3:68:de,-87.6
1674247477.0821033,0C:B8:15:F3:68:DC,Simon's A53,f0:65:ae:2f:c5:d5,-67.4
1674247477.0821033,0C:B8:15:F3:68:DC,ESP32-Simon-01,58:bf:25:93:7c:8a,-89.0
1674247478.2021155,58:BF:25:93:7C:88,[LG] webOS TV OLED65C25LB,20:28:bc:83:18:75,-62.6
1674247478.2021155,58:BF:25:93:7C:88,SHIELD,00:04:4b:84:44:74,-74.2
1674247478.2021155,58:BF:25:93:7C:88,Simon's A53,f0:65:ae:2f:c5:d5,-54.4
1674247478.2021155,58:BF:25:93:7C:88,ESP32-Maxim,0c:b8:15:f3:68:de,-85.8
1674247480.1556768,0C:B8:15:F3:68:DC,Simon's A53,f0:65:ae:2f:c5:d5,-66.0
1674247481.2820017,58:BF:25:93:7C:88,Simon's A53,f0:65:ae:2f:c5:d5,-55.2
1674247481.2820017,58:BF:25:93:7C:88,SHIELD,00:04:4b:84:44:74,-74.8
1674247481.2820017,58:BF:25:93:7C:88,[LG] webOS TV OLED65C25LB,20:28:bc:83:18:75,-60.8
1674247483.2115138,0C:B8:15:F3:68:DC,Simon's A53,f0:65:ae:2f:c5:d5,-67.6
1674247483.2115138,0C:B8:15:F3:68:DC,ESP32-Simon-01,58:bf:25:93:7c:8a,-88.4
1674247484.340559,58:BF:25:93:7C:88,SHIELD,00:04:4b:84:44:74,-75.8
1674247484.340559,58:BF:25:93:7C:88,[LG] webOS TV OLED65C25LB,20:28:bc:83:18:75,-61.6
1674247484.340559,58:BF:25:93:7C:88,Simon's A53,f0:65:ae:2f:c5:d5,-53.4
1674247486.272158,0C:B8:15:F3:68:DC,Simon's A53,f0:65:ae:2f:c5:d5,-67.8
1674247486.272158,0C:B8:15:F3:68:DC,ESP32-Simon-01,58:bf:25:93:7c:8a,-87.0
1674247487.4406064,58:BF:25:93:7C:88,ESP32-Maxim,0c:b8:15:f3:68:de,-83.8
1674247487.4406064,58:BF:25:93:7C:88,SHIELD,00:04:4b:84:44:74,-75.2
1674247487.4406064,58:BF:25:93:7C:88,Simon's A53,f0:65:ae:2f:c5:d5,-52.6
1674247487.4406064,58:BF:25:93:7C:88,[LG] webOS TV OLED65C25LB,20:28:bc:83:18:75,-63.2
1674247489.3500366,0C:B8:15:F3:68:DC,Simon's A53,f0:65:ae:2f:c5:d5,-69.2
1674247489.3500366,0C:B8:15:F3:68:DC,ESP32-Simon-01,58:bf:25:93:7c:8a,-87.6
1674247490.4897213,58:BF:25:93:7C:88,SHIELD,00:04:4b:84:44:74,-74.8
1674247490.4897213,58:BF:25:93:7C:88,[LG] webOS TV OLED65C25LB,20:28:bc:83:18:75,-63.2
1674247490.4897213,58:BF:25:93:7C:88,Simon's A53,f0:65:ae:2f:c5:d5,-50.0
1674247492.414521,0C:B8:15:F3:68:DC,Simon's A53,f0:65:ae:2f:c5:d5,-68.6
1674247492.414521,0C:B8:15:F3:68:DC,ESP32-Simon-01,58:bf:25:93:7c:8a,-86.8
1674247493.573649,58:BF:25:93:7C:88,,0c:b8:15:f3:68:de,-84.6
1674247493.573649,58:BF:25:93:7C:88,SHIELD,00:04:4b:84:44:74,-76.0
1674247493.573649,58:BF:25:93:7C:88,Simon's A53,f0:65:ae:2f:c5:d5,-48.8
1674247493.573649,58:BF:25:93:7C:88,[LG] webOS TV OLED65C25LB,20:28:bc:83:18:75,-63.4
1674247495.4624224,0C:B8:15:F3:68:DC,Simon's A53,f0:65:ae:2f:c5:d5,-71.4
1674247496.655815,58:BF:25:93:7C:88,ESP32-Maxim,0c:b8:15:f3:68:de,-86.2
1674247496.655815,58:BF:25:93:7C:88,Simon's A53,f0:65:ae:2f:c5:d5,-48.2
1674247496.655815,58:BF:25:93:7C:88,[LG] webOS TV OLED65C25LB,20:28:bc:83:18:75,-63.8
1674247496.655815,58:BF:25:93:7C:88,SHIELD,00:04:4b:84:44:74,-76.4
1674247498.516718,0C:B8:15:F3:68:DC,Simon's A53,f0:65:ae:2f:c5:d5,-72.6
1674247499.7192876,58:BF:25:93:7C:88,SHIELD,00:04:4b:84:44:74,-76.4
1674247499.7192876,58:BF:25:93:7C:88,Simon's A53,f0:65:ae:2f:c5:d5,-50.6
1674247499.7192876,58:BF:25:93:7C:88,[LG] webOS TV OLED65C25LB,20:28:bc:83:18:75,-63.0
1674247499.7192876,58:BF:25:93:7C:88,ESP32-Maxim,0c:b8:15:f3:68:de,-88.6
1674247501.5876958,0C:B8:15:F3:68:DC,Simon's A53,f0:65:ae:2f:c5:d5,-72.8
1674247502.8070962,58:BF:25:93:7C:88,SHIELD,00:04:4b:84:44:74,-76.8
1674247502.8070962,58:BF:25:93:7C:88,[LG] webOS TV OLED65C25LB,20:28:bc:83:18:75,-62.2
1674247502.8070962,58:BF:25:93:7C:88,Simon's A53,f0:65:ae:2f:c5:d5,-51.6
1674247504.6581948,0C:B8:15:F3:68:DC,Simon's A53,f0:65:ae:2f:c5:d5,-72.2
1674247505.8567863,58:BF:25:93:7C:88,[LG] webOS TV OLED65C25LB,20:28:bc:83:18:75,-62.4
1674247505.8567863,58:BF:25:93:7C:88,SHIELD,00:04:4b:84:44:74,-76.4
1674247505.8567863,58:BF:25:93:7C:88,Simon's A53,f0:65:ae:2f:c5:d5,-52.8
1674247507.730027,0C:B8:15:F3:68:DC,Simon's A53,f0:65:ae:2f:c5:d5,-73.0
1674247508.9281378,58:BF:25:93:7C:88,[LG] webOS TV OLED65C25LB,20:28:bc:83:18:75,-62.6
1674247508.9281378,58:BF:25:93:7C:88,SHIELD,00:04:4b:84:44:74,-76.2
1674247508.9281378,58:BF:25:93:7C:88,Simon's A53,f0:65:ae:2f:c5:d5,-54.0
1674247510.794727,0C:B8:15:F3:68:DC,,f0:65:ae:2f:c5:d5,-74.0
1674247510.794727,0C:B8:15:F3:68:DC,ESP32-Simon-01,58:bf:25:93:7c:8a,-87.0
1674247512.0253992,58:BF:25:93:7C:88,SHIELD,00:04:4b:84:44:74,-75.4
1674247512.0253992,58:BF:25:93:7C:88,Simon's A53,f0:65:ae:2f:c5:d5,-53.8
1674247512.0253992,58:BF:25:93:7C:88,[LG] webOS TV OLED65C25LB,20:28:bc:83:18:75,-62.4
1674247513.865158,0C:B8:15:F3:68:DC,[LG] webOS TV OLED65C25LB,20:28:bc:83:18:75,-89.0
1674247513.865158,0C:B8:15:F3:68:DC,,f0:65:ae:2f:c5:d5,-74.0
1674247515.0876384,58:BF:25:93:7C:88,Simon's A53,f0:65:ae:2f:c5:d5,-52.4
1674247515.0876384,58:BF:25:93:7C:88,[LG] webOS TV OLED65C25LB,20:28:bc:83:18:75,-62.2
1674247515.0876384,58:BF:25:93:7C:88,SHIELD,00:04:4b:84:44:74,-75.8
1674247516.9361365,0C:B8:15:F3:68:DC,Simon's A53,f0:65:ae:2f:c5:d5,-77.8
1674247518.1381593,58:BF:25:93:7C:88,SHIELD,00:04:4b:84:44:74,-75.6
1674247518.1381593,58:BF:25:93:7C:88,Simon's A53,f0:65:ae:2f:c5:d5,-53.8
1674247518.1381593,58:BF:25:93:7C:88,[LG] webOS TV OLED65C25LB,20:28:bc:83:18:75,-63.2
1674247520.0077648,0C:B8:15:F3:68:DC,,f0:65:ae:2f:c5:d5,-79.4
1674247521.2093432,58:BF:25:93:7C:88,SHIELD,00:04:4b:84:44:74,-75.4
1674247521.2093432,58:BF:25:93:7C:88,Simon's A53,f0:65:ae:2f:c5:d5,-54.2
1674247521.2093432,58:BF:25:93:7C:88,[LG] webOS TV OLED65C25LB,20:28:bc:83:18:75,-62.8
1674247523.0794873,0C:B8:15:F3:68:DC,Simon's A53,f0:65:ae:2f:c5:d5,-78.8
1674247524.2802017,58:BF:25:93:7C:88,SHIELD,00:04:4b:84:44:74,-74.8
1674247524.2802017,58:BF:25:93:7C:88,Simon's A53,f0:65:ae:2f:c5:d5,-53.4
1674247524.2802017,58:BF:25:93:7C:88,[LG] webOS TV OLED65C25LB,20:28:bc:83:18:75,-62.6
1674247526.1453388,0C:B8:15:F3:68:DC,Simon's A53,f0:65:ae:2f:c5:d5,-76.4
1674247526.1453388,0C:B8:15:F3:68:DC,ESP32-Simon-01,58:bf:25:93:7c:8a,-86.8
1674247527.3486,58:BF:25:93:7C:88,Simon's A53,f0:65:ae:2f:c5:d5,-55.2
1674247527.3486,58:BF:25:93:7C:88,SHIELD,00:04:4b:84:44:74,-75.0
1674247527.3486,58:BF:25:93:7C:88,[LG] webOS TV OLED65C25LB,20:28:bc:83:18:75,-63.8
1674247529.215359,0C:B8:15:F3:68:DC,Simon's A53,f0:65:ae:2f:c5:d5,-76.0
1674247530.4256482,58:BF:25:93:7C:88,[LG] webOS TV OLED65C25LB,20:28:bc:83:18:75,-65.8
1674247530.4256482,58:BF:25:93:7C:88,,00:04:4b:84:44:74,-74.0
1674247530.4256482,58:BF:25:93:7C:88,Simon's A53,f0:65:ae:2f:c5:d5,-56.8
1674247532.2890532,0C:B8:15:F3:68:DC,Simon's A53,f0:65:ae:2f:c5:d5,-72.8
1674247533.4808624,58:BF:25:93:7C:88,Simon's A53,f0:65:ae:2f:c5:d5,-56.8
1674247533.4808624,58:BF:25:93:7C:88,SHIELD,00:04:4b:84:44:74,-74.4
1674247533.4808624,58:BF:25:93:7C:88,[LG] webOS TV OLED65C25LB,20:28:bc:83:18:75,-66.4
1674247535.365251,0C:B8:15:F3:68:DC,Simon's A53,f0:65:ae:2f:c5:d5,-73.2
1674247536.5573754,58:BF:25:93:7C:88,SHIELD,00:04:4b:84:44:74,-74.8
1674247536.5573754,58:BF:25:93:7C:88,Simon's A53,f0:65:ae:2f:c5:d5,-57.0
1674247536.5573754,58:BF:25:93:7C:88,[LG] webOS TV OLED65C25LB,20:28:bc:83:18:75,-66.6
1674247538.4261742,0C:B8:15:F3:68:DC,Simon's A53,f0:65:ae:2f:c5:d5,-76.6
1674247539.6162214,58:BF:25:93:7C:88,,f0:65:ae:2f:c5:d5,-60.6
1674247539.6162214,58:BF:25:93:7C:88,[LG] webOS TV OLED65C25LB,20:28:bc:83:18:75,-67.0
1674247539.6162214,58:BF:25:93:7C:88,SHIELD,00:04:4b:84:44:74,-75.0
1674247541.5000508,0C:B8:15:F3:68:DC,Simon's A53,f0:65:ae:2f:c5:d5,-76.8
1674247542.6878338,58:BF:25:93:7C:88,SHIELD,00:04:4b:84:44:74,-74.6
1674247542.6878338,58:BF:25:93:7C:88,[LG] webOS TV OLED65C25LB,20:28:bc:83:18:75,-66.4
1674247542.6878338,58:BF:25:93:7C:88,Simon's A53,f0:65:ae:2f:c5:d5,-61.6
1674247544.5643342,0C:B8:15:F3:68:DC,Simon's A53,f0:65:ae:2f:c5:d5,-77.2
1674247545.763273,58:BF:25:93:7C:88,Simon's A53,f0:65:ae:2f:c5:d5,-61.2
1674247545.763273,58:BF:25:93:7C:88,SHIELD,00:04:4b:84:44:74,-74.6
1674247545.763273,58:BF:25:93:7C:88,[LG] webOS TV OLED65C25LB,20:28:bc:83:18:75,-65.0
1674247547.6346745,0C:B8:15:F3:68:DC,Simon's A53,f0:65:ae:2f:c5:d5,-78.4
1674247548.8230343,58:BF:25:93:7C:88,SHIELD,00:04:4b:84:44:74,-74.6
1674247548.8230343,58:BF:25:93:7C:88,Simon's A53,f0:65:ae:2f:c5:d5,-61.6
1674247548.8230343,58:BF:25:93:7C:88,[LG] webOS TV OLED65C25LB,20:28:bc:83:18:75,-63.6
1674247550.714785,0C:B8:15:F3:68:DC,,f0:65:ae:2f:c5:d5,-77.2
1674247551.8922362,58:BF:25:93:7C:88,SHIELD,00:04:4b:84:44:74,-73.8
1674247551.8922362,58:BF:25:93:7C:88,Simon's A53,f0:65:ae:2f:c5:d5,-61.0
1674247551.8922362,58:BF:25:93:7C:88,[LG] webOS TV OLED65C25LB,20:28:bc:83:18:75,-64.4
1674247553.778311,0C:B8:15:F3:68:DC,Simon's A53,f0:65:ae:2f:c5:d5,-73.6
1674247554.9481564,58:BF:25:93:7C:88,[LG] webOS TV OLED65C25LB,20:28:bc:83:18:75,-64.2
1674247554.9481564,58:BF:25:93:7C:88,Simon's A53,f0:65:ae:2f:c5:d5,-58.0
1674247554.9481564,58:BF:25:93:7C:88,SHIELD,00:04:4b:84:44:74,-73.8
1674247556.8456826,0C:B8:15:F3:68:DC,Simon's A53,f0:65:ae:2f:c5:d5,-74.8
1674247558.0135908,58:BF:25:93:7C:88,[LG] webOS TV OLED65C25LB,20:28:bc:83:18:75,-63.0
1674247558.0135908,58:BF:25:93:7C:88,Simon's A53,f0:65:ae:2f:c5:d5,-57.0
1674247558.0135908,58:BF:25:93:7C:88,SHIELD,00:04:4b:84:44:74,-73.8
1674247559.9152076,0C:B8:15:F3:68:DC,Simon's A53,f0:65:ae:2f:c5:d5,-73.4
1674247561.0879004,58:BF:25:93:7C:88,,00:04:4b:84:44:74,-75.6
1674247561.0879004,58:BF:25:93:7C:88,Simon's A53,f0:65:ae:2f:c5:d5,-57.4
1674247561.0879004,58:BF:25:93:7C:88,[LG] webOS TV OLED65C25LB,20:28:bc:83:18:75,-63.0
1674247562.995069,0C:B8:15:F3:68:DC,Simon's A53,f0:65:ae:2f:c5:d5,-71.2
1674247564.1603038,58:BF:25:93:7C:88,Simon's A53,f0:65:ae:2f:c5:d5,-57.2
1674247564.1603038,58:BF:25:93:7C:88,[LG] webOS TV OLED65C25LB,20:28:bc:83:18:75,-64.2
1674247564.1603038,58:BF:25:93:7C:88,SHIELD,00:04:4b:84:44:74,-75.4
1674247566.0685499,0C:B8:15:F3:68:DC,Simon's A53,f0:65:ae:2f:c5:d5,-73.2
1674247566.0685499,0C:B8:15:F3:68:DC,ESP32-Simon-01,58:bf:25:93:7c:8a,-87.2
1674247567.2247882,58:BF:25:93:7C:88,SHIELD,00:04:4b:84:44:74,-75.6
1674247567.2247882,58:BF:25:93:7C:88,Simon's A53,f0:65:ae:2f:c5:d5,-57.6
1674247569.1336286,0C:B8:15:F3:68:DC,Simon's A53,f0:65:ae:2f:c5:d5,-72.8
1674247569.1336286,0C:B8:15:F3:68:DC,ESP32-Simon-01,58:bf:25:93:7c:8a,-86.8
1674247570.288276,58:BF:25:93:7C:88,Simon's A53,f0:65:ae:2f:c5:d5,-55.6
1674247570.288276,58:BF:25:93:7C:88,SHIELD,00:04:4b:84:44:74,-75.0
1674247570.288276,58:BF:25:93:7C:88,[LG] webOS TV OLED65C25LB,20:28:bc:83:18:75,-63.2
1674247572.19872,0C:B8:15:F3:68:DC,Simon's A53,f0:65:ae:2f:c5:d5,-72.0
1674247573.361889,58:BF:25:93:7C:88,SHIELD,00:04:4b:84:44:74,-75.4
1674247573.361889,58:BF:25:93:7C:88,Simon's A53,f0:65:ae:2f:c5:d5,-52.8
1674247573.361889,58:BF:25:93:7C:88,[LG] webOS TV OLED65C25LB,20:28:bc:83:18:75,-63.8
1674247575.281977,0C:B8:15:F3:68:DC,Simon's A53,f0:65:ae:2f:c5:d5,-73.0
1674247575.281977,0C:B8:15:F3:68:DC,ESP32-Simon-01,58:bf:25:93:7c:8a,-86.4
1674247576.4367409,58:BF:25:93:7C:88,SHIELD,00:04:4b:84:44:74,-74.0
1674247576.4367409,58:BF:25:93:7C:88,Simon's A53,f0:65:ae:2f:c5:d5,-49.8
1674247576.4367409,58:BF:25:93:7C:88,[LG] webOS TV OLED65C25LB,20:28:bc:83:18:75,-64.2
1674247578.3516073,0C:B8:15:F3:68:DC,Simon's A53,f0:65:ae:2f:c5:d5,-73.8
1674247578.3516073,0C:B8:15:F3:68:DC,ESP32-Simon-01,58:bf:25:93:7c:8a,-85.4
1674247579.4997005,58:BF:25:93:7C:88,SHIELD,00:04:4b:84:44:74,-73.8
1674247579.4997005,58:BF:25:93:7C:88,Simon's A53,f0:65:ae:2f:c5:d5,-48.4
1674247579.4997005,58:BF:25:93:7C:88,[LG] webOS TV OLED65C25LB,20:28:bc:83:18:75,-63.8
1674247581.471578,0C:B8:15:F3:68:DC,Simon's A53,f0:65:ae:2f:c5:d5,-70.6
1674247581.471578,0C:B8:15:F3:68:DC,ESP32-Simon-01,58:bf:25:93:7c:8a,-86.8
1674247582.5723612,58:BF:25:93:7C:88,Simon's A53,f0:65:ae:2f:c5:d5,-46.2
1674247582.5723612,58:BF:25:93:7C:88,SHIELD,00:04:4b:84:44:74,-74.0
1674247582.5723612,58:BF:25:93:7C:88,[LG] webOS TV OLED65C25LB,20:28:bc:83:18:75,-61.8
1674247584.5392745,0C:B8:15:F3:68:DC,Simon's A53,f0:65:ae:2f:c5:d5,-73.2
1674247585.6454353,58:BF:25:93:7C:88,ESP32-Maxim,0c:b8:15:f3:68:de,-89.4
1674247585.6454353,58:BF:25:93:7C:88,SHIELD,00:04:4b:84:44:74,-74.4
1674247585.6454353,58:BF:25:93:7C:88,Simon's A53,f0:65:ae:2f:c5:d5,-47.2
1674247588.6886187,58:BF:25:93:7C:88,SHIELD,00:04:4b:84:44:74,-75.4
1674247588.6886187,58:BF:25:93:7C:88,Simon's A53,f0:65:ae:2f:c5:d5,-47.4
1674247588.6886187,58:BF:25:93:7C:88,[LG] webOS TV OLED65C25LB,20:28:bc:83:18:75,-61.6
1674247590.6715117,0C:B8:15:F3:68:DC,Simon's A53,f0:65:ae:2f:c5:d5,-73.0
1674247591.7775168,58:BF:25:93:7C:88,[LG] webOS TV OLED65C25LB,20:28:bc:83:18:75,-63.0
1674247591.7775168,58:BF:25:93:7C:88,SHIELD,00:04:4b:84:44:74,-75.6
1674247591.7775168,58:BF:25:93:7C:88,Simon's A53,f0:65:ae:2f:c5:d5,-47.6
1674247593.7315116,0C:B8:15:F3:68:DC,,f0:65:ae:2f:c5:d5,-73.0
1674247593.7315116,0C:B8:15:F3:68:DC,ESP32-Simon-01,58:bf:25:93:7c:8a,-90.0
1674247594.8349302,58:BF:25:93:7C:88,[LG] webOS TV OLED65C25LB,20:28:bc:83:18:75,-65.0
1674247594.8349302,58:BF:25:93:7C:88,ESP32-Maxim,0c:b8:15:f3:68:de,-89.2
1674247594.8349302,58:BF:25:93:7C:88,Simon's A53,f0:65:ae:2f:c5:d5,-45.8
1674247594.8349302,58:BF:25:93:7C:88,SHIELD,00:04:4b:84:44:74,-75.0
1674247596.794483,0C:B8:15:F3:68:DC,Simon's A53,f0:65:ae:2f:c5:d5,-71.0
1674247597.9209728,58:BF:25:93:7C:88,SHIELD,00:04:4b:84:44:74,-74.4
1674247597.9209728,58:BF:25:93:7C:88,[LG] webOS TV OLED65C25LB,20:28:bc:83:18:75,-64.8
1674247597.9209728,58:BF:25:93:7C:88,Simon's A53,f0:65:ae:2f:c5:d5,-46.4
1674247599.847116,0C:B8:15:F3:68:DC,ESP32-Simon-01,58:bf:25:93:7c:8a,-88.0
1674247599.847116,0C:B8:15:F3:68:DC,Simon's A53,f0:65:ae:2f:c5:d5,-71.0
1674247600.9926202,58:BF:25:93:7C:88,ESP32-Maxim,0c:b8:15:f3:68:de,-87.0
1674247600.9926202,58:BF:25:93:7C:88,[LG] webOS TV OLED65C25LB,20:28:bc:83:18:75,-65.0
1674247600.9926202,58:BF:25:93:7C:88,SHIELD,00:04:4b:84:44:74,-77.8
1674247600.9926202,58:BF:25:93:7C:88,Simon's A53,f0:65:ae:2f:c5:d5,-46.4
1674247602.9133809,0C:B8:15:F3:68:DC,Simon's A53,f0:65:ae:2f:c5:d5,-71.0
1674247604.0682898,58:BF:25:93:7C:88,Simon's A53,f0:65:ae:2f:c5:d5,-46.4
1674247604.0682898,58:BF:25:93:7C:88,SHIELD,00:04:4b:84:44:74,-76.6
1674247604.0682898,58:BF:25:93:7C:88,[LG] webOS TV OLED65C25LB,20:28:bc:83:18:75,-65.8
1674247606.088317,0C:B8:15:F3:68:DC,Simon's A53,f0:65:ae:2f:c5:d5,-69.8
1674247607.1317472,58:BF:25:93:7C:88,ESP32-Maxim,0c:b8:15:f3:68:de,-86.6
1674247607.1317472,58:BF:25:93:7C:88,Simon's A53,f0:65:ae:2f:c5:d5,-45.4
1674247607.1317472,58:BF:25:93:7C:88,SHIELD,00:04:4b:84:44:74,-76.4
1674247607.1317472,58:BF:25:93:7C:88,[LG] webOS TV OLED65C25LB,20:28:bc:83:18:75,-63.8
1674247609.1834877,0C:B8:15:F3:68:DC,Simon's A53,f0:65:ae:2f:c5:d5,-69.6
1674247610.2208824,58:BF:25:93:7C:88,SHIELD,00:04:4b:84:44:74,-78.0
1674247610.2208824,58:BF:25:93:7C:88,[LG] webOS TV OLED65C25LB,20:28:bc:83:18:75,-62.0
1674247610.2208824,58:BF:25:93:7C:88,Simon's A53,f0:65:ae:2f:c5:d5,-45.0
1674247612.244254,0C:B8:15:F3:68:DC,Simon's A53,f0:65:ae:2f:c5:d5,-70.0
1674247612.244254,0C:B8:15:F3:68:DC,ESP32-Simon-01,58:bf:25:93:7c:8a,-87.0
1674247613.2952478,58:BF:25:93:7C:88,Simon's A53,f0:65:ae:2f:c5:d5,-43.4
1674247613.2952478,58:BF:25:93:7C:88,,00:04:4b:84:44:74,-80.2
1674247613.2952478,58:BF:25:93:7C:88,[LG] webOS TV OLED65C25LB,20:28:bc:83:18:75,-63.4
1674247613.2952478,58:BF:25:93:7C:88,ESP32-Maxim,0c:b8:15:f3:68:de,-84.8
1674247615.2994652,0C:B8:15:F3:68:DC,Simon's A53,f0:65:ae:2f:c5:d5,-71.6
1674247616.3683488,58:BF:25:93:7C:88,Simon's A53,f0:65:ae:2f:c5:d5,-41.8
1674247616.3683488,58:BF:25:93:7C:88,SHIELD,00:04:4b:84:44:74,-77.2
1674247616.3683488,58:BF:25:93:7C:88,[LG] webOS TV OLED65C25LB,20:28:bc:83:18:75,-63.2
1674247618.3689039,0C:B8:15:F3:68:DC,ESP32-Simon-01,58:bf:25:93:7c:8a,-86.25
1674247618.3689039,0C:B8:15:F3:68:DC,Simon's A53,f0:65:ae:2f:c5:d5,-71.6
1674247619.449422,58:BF:25:93:7C:88,Simon's A53,f0:65:ae:2f:c5:d5,-40.2
1674247619.449422,58:BF:25:93:7C:88,[LG] webOS TV OLED65C25LB,20:28:bc:83:18:75,-63.2
1674247619.449422,58:BF:25:93:7C:88,SHIELD,00:04:4b:84:44:74,-77.0
1674247621.4385219,0C:B8:15:F3:68:DC,Simon's A53,f0:65:ae:2f:c5:d5,-74.2
1674247622.5145435,58:BF:25:93:7C:88,SHIELD,00:04:4b:84:44:74,-77.6
1674247622.5145435,58:BF:25:93:7C:88,Simon's A53,f0:65:ae:2f:c5:d5,-36.6
1674247622.5145435,58:BF:25:93:7C:88,[LG] webOS TV OLED65C25LB,20:28:bc:83:18:75,-64.6
1674247622.5145435,58:BF:25:93:7C:88,ESP32-Maxim,0c:b8:15:f3:68:de,-83.2
1674247624.5064704,0C:B8:15:F3:68:DC,Simon's A53,f0:65:ae:2f:c5:d5,-77.2
1674247624.5064704,0C:B8:15:F3:68:DC,ESP32-Simon-01,58:bf:25:93:7c:8a,-86.2
1674247625.5786607,58:BF:25:93:7C:88,Simon's A53,f0:65:ae:2f:c5:d5,-35.6
1674247625.5786607,58:BF:25:93:7C:88,,00:04:4b:84:44:74,-77.0
1674247625.5786607,58:BF:25:93:7C:88,[LG] webOS TV OLED65C25LB,20:28:bc:83:18:75,-66.0
1674247627.5769076,0C:B8:15:F3:68:DC,Simon's A53,f0:65:ae:2f:c5:d5,-79.6
1674247627.5769076,0C:B8:15:F3:68:DC,,58:bf:25:93:7c:8a,-84.8
1674247628.6655421,58:BF:25:93:7C:88,SHIELD,00:04:4b:84:44:74,-76.6
1674247628.6655421,58:BF:25:93:7C:88,Simon's A53,f0:65:ae:2f:c5:d5,-33.8
1674247628.6655421,58:BF:25:93:7C:88,[LG] webOS TV OLED65C25LB,20:28:bc:83:18:75,-65.4
1674247630.6637285,0C:B8:15:F3:68:DC,Simon's A53,f0:65:ae:2f:c5:d5,-78.6
1674247631.7267506,58:BF:25:93:7C:88,SHIELD,00:04:4b:84:44:74,-77.0
1674247631.7267506,58:BF:25:93:7C:88,[LG] webOS TV OLED65C25LB,20:28:bc:83:18:75,-67.0
1674247631.7267506,58:BF:25:93:7C:88,Simon's A53,f0:65:ae:2f:c5:d5,-31.8
1674247633.7116058,0C:B8:15:F3:68:DC,Simon's A53,f0:65:ae:2f:c5:d5,-79.2
1674247634.7944515,58:BF:25:93:7C:88,SHIELD,00:04:4b:84:44:74,-77.6
1674247634.7944515,58:BF:25:93:7C:88,[LG] webOS TV OLED65C25LB,20:28:bc:83:18:75,-66.4
1674247634.7944515,58:BF:25:93:7C:88,Simon's A53,f0:65:ae:2f:c5:d5,-29.6
1674247636.7762578,0C:B8:15:F3:68:DC,Simon's A53,f0:65:ae:2f:c5:d5,-80.2
1674247636.7762578,0C:B8:15:F3:68:DC,,58:bf:25:93:7c:8a,-86.0
1674247637.8588502,58:BF:25:93:7C:88,[LG] webOS TV OLED65C25LB,20:28:bc:83:18:75,-67.6
1674247637.8588502,58:BF:25:93:7C:88,Simon's A53,f0:65:ae:2f:c5:d5,-30.8
1674247637.8588502,58:BF:25:93:7C:88,SHIELD,00:04:4b:84:44:74,-77.2
1674247639.8392725,0C:B8:15:F3:68:DC,Simon's A53,f0:65:ae:2f:c5:d5,-78.6
1674247639.8392725,0C:B8:15:F3:68:DC,ESP32-Simon-01,58:bf:25:93:7c:8a,-86.2
1674247640.9283197,58:BF:25:93:7C:88,SHIELD,00:04:4b:84:44:74,-76.6
1674247640.9283197,58:BF:25:93:7C:88,Simon's A53,f0:65:ae:2f:c5:d5,-30.8
1674247640.9283197,58:BF:25:93:7C:88,[LG] webOS TV OLED65C25LB,20:28:bc:83:18:75,-65.8
1674247642.9098523,0C:B8:15:F3:68:DC,Simon's A53,f0:65:ae:2f:c5:d5,-76.8
1674247642.9098523,0C:B8:15:F3:68:DC,ESP32-Simon-01,58:bf:25:93:7c:8a,-86.2
1674247644.0097108,58:BF:25:93:7C:88,Simon's A53,f0:65:ae:2f:c5:d5,-30.8
1674247644.0097108,58:BF:25:93:7C:88,SHIELD,00:04:4b:84:44:74,-75.4
1674247644.0097108,58:BF:25:93:7C:88,[LG] webOS TV OLED65C25LB,20:28:bc:83:18:75,-65.6
1674247645.9710598,0C:B8:15:F3:68:DC,Simon's A53,f0:65:ae:2f:c5:d5,-80.4
1674247647.0847132,58:BF:25:93:7C:88,[LG] webOS TV OLED65C25LB,20:28:bc:83:18:75,-64.2
1674247647.0847132,58:BF:25:93:7C:88,SHIELD,00:04:4b:84:44:74,-74.2
1674247647.0847132,58:BF:25:93:7C:88,Simon's A53,f0:65:ae:2f:c5:d5,-30.8
1674247647.0847132,58:BF:25:93:7C:88,ESP32-Maxim,0c:b8:15:f3:68:de,-84.4
1674247649.0269923,0C:B8:15:F3:68:DC,Simon's A53,f0:65:ae:2f:c5:d5,-80.2
1674247650.1712604,58:BF:25:93:7C:88,[LG] webOS TV OLED65C25LB,20:28:bc:83:18:75,-64.4
1674247650.1712604,58:BF:25:93:7C:88,Simon's A53,f0:65:ae:2f:c5:d5,-30.4
1674247650.1712604,58:BF:25:93:7C:88,SHIELD,00:04:4b:84:44:74,-73.8
1674247650.1712604,58:BF:25:93:7C:88,ESP32-Maxim,0c:b8:15:f3:68:de,-84.8
1674247652.0843947,0C:B8:15:F3:68:DC,Simon's A53,f0:65:ae:2f:c5:d5,-80.0
1674247653.2386103,58:BF:25:93:7C:88,Simon's A53,f0:65:ae:2f:c5:d5,-29.6
1674247653.2386103,58:BF:25:93:7C:88,[LG] webOS TV OLED65C25LB,20:28:bc:83:18:75,-62.4
1674247653.2386103,58:BF:25:93:7C:88,SHIELD,00:04:4b:84:44:74,-72.8
1674247653.2386103,58:BF:25:93:7C:88,ESP32-Maxim,0c:b8:15:f3:68:de,-86.0
1674247655.140228,0C:B8:15:F3:68:DC,Simon's A53,f0:65:ae:2f:c5:d5,-81.4
1674247656.295852,58:BF:25:93:7C:88,,00:04:4b:84:44:74,-72.6
1674247656.295852,58:BF:25:93:7C:88,[LG] webOS TV OLED65C25LB,20:28:bc:83:18:75,-62.8
1674247656.295852,58:BF:25:93:7C:88,,f0:65:ae:2f:c5:d5,-28.4
1674247658.1958306,0C:B8:15:F3:68:DC,,f0:65:ae:2f:c5:d5,-82.8
1674247659.3630948,58:BF:25:93:7C:88,SHIELD,00:04:4b:84:44:74,-73.0
1674247659.3630948,58:BF:25:93:7C:88,Simon's A53,f0:65:ae:2f:c5:d5,-28.0
1674247659.3630948,58:BF:25:93:7C:88,[LG] webOS TV OLED65C25LB,20:28:bc:83:18:75,-62.2
1674247659.3630948,58:BF:25:93:7C:88,,0c:b8:15:f3:68:de,-85.8
1674247661.2464952,0C:B8:15:F3:68:DC,Simon's A53,f0:65:ae:2f:c5:d5,-78.6
1674247662.463658,58:BF:25:93:7C:88,Simon's A53,f0:65:ae:2f:c5:d5,-28.4
1674247662.463658,58:BF:25:93:7C:88,SHIELD,00:04:4b:84:44:74,-73.2
1674247662.463658,58:BF:25:93:7C:88,[LG] webOS TV OLED65C25LB,20:28:bc:83:18:75,-62.4
1674247664.3022156,0C:B8:15:F3:68:DC,Simon's A53,f0:65:ae:2f:c5:d5,-78.4
1674247665.535292,58:BF:25:93:7C:88,SHIELD,00:04:4b:84:44:74,-73.0
1674247665.535292,58:BF:25:93:7C:88,[LG] webOS TV OLED65C25LB,20:28:bc:83:18:75,-62.4
1674247665.535292,58:BF:25:93:7C:88,ESP32-Maxim,0c:b8:15:f3:68:de,-86.4
1674247665.535292,58:BF:25:93:7C:88,Simon's A53,f0:65:ae:2f:c5:d5,-31.8
1674247667.3682373,0C:B8:15:F3:68:DC,Simon's A53,f0:65:ae:2f:c5:d5,-78.6
1674247667.3682373,0C:B8:15:F3:68:DC,ESP32-Simon-01,58:bf:25:93:7c:8a,-86.6
1674247668.6123865,58:BF:25:93:7C:88,[LG] webOS TV OLED65C25LB,20:28:bc:83:18:75,-62.2
1674247668.6123865,58:BF:25:93:7C:88,SHIELD,00:04:4b:84:44:74,-74.0
1674247668.6123865,58:BF:25:93:7C:88,Simon's A53,f0:65:ae:2f:c5:d5,-36.6
1674247670.4369311,0C:B8:15:F3:68:DC,Simon's A53,f0:65:ae:2f:c5:d5,-80.0
1674247671.6669612,58:BF:25:93:7C:88,[LG] webOS TV OLED65C25LB,20:28:bc:83:18:75,-62.4
1674247671.6669612,58:BF:25:93:7C:88,SHIELD,00:04:4b:84:44:74,-74.2
1674247671.6669612,58:BF:25:93:7C:88,Simon's A53,f0:65:ae:2f:c5:d5,-38.6
1674247673.5081472,0C:B8:15:F3:68:DC,Simon's A53,f0:65:ae:2f:c5:d5,-79.6
1674247674.7382548,58:BF:25:93:7C:88,Simon's A53,f0:65:ae:2f:c5:d5,-40.4
1674247674.7382548,58:BF:25:93:7C:88,SHIELD,00:04:4b:84:44:74,-74.2
1674247674.7382548,58:BF:25:93:7C:88,[LG] webOS TV OLED65C25LB,20:28:bc:83:18:75,-62.2
1674247676.5757139,0C:B8:15:F3:68:DC,Simon's A53,f0:65:ae:2f:c5:d5,-80.6
1674247677.7979052,58:BF:25:93:7C:88,[LG] webOS TV OLED65C25LB,20:28:bc:83:18:75,-62.4
1674247677.7979052,58:BF:25:93:7C:88,Simon's A53,f0:65:ae:2f:c5:d5,-42.6
1674247677.7979052,58:BF:25:93:7C:88,SHIELD,00:04:4b:84:44:74,-74.4
1674247679.6444669,0C:B8:15:F3:68:DC,Simon's A53,f0:65:ae:2f:c5:d5,-81.4
1674247680.8521838,58:BF:25:93:7C:88,[LG] webOS TV OLED65C25LB,20:28:bc:83:18:75,-61.6
1674247680.8521838,58:BF:25:93:7C:88,SHIELD,00:04:4b:84:44:74,-74.8
1674247680.8521838,58:BF:25:93:7C:88,Simon's A53,f0:65:ae:2f:c5:d5,-45.0
1674247682.7156336,0C:B8:15:F3:68:DC,Simon's A53,f0:65:ae:2f:c5:d5,-79.0
1674247682.7156336,0C:B8:15:F3:68:DC,ESP32-Simon-01,58:bf:25:93:7c:8a,-88.4
1674247683.9509625,58:BF:25:93:7C:88,Simon's A53,f0:65:ae:2f:c5:d5,-42.4
1674247683.9509625,58:BF:25:93:7C:88,,00:04:4b:84:44:74,-75.4
1674247683.9509625,58:BF:25:93:7C:88,[LG] webOS TV OLED65C25LB,20:28:bc:83:18:75,-61.2
1674247685.7911863,0C:B8:15:F3:68:DC,Simon's A53,f0:65:ae:2f:c5:d5,-73.8
1674247685.7911863,0C:B8:15:F3:68:DC,ESP32-Simon-01,58:bf:25:93:7c:8a,-87.0
1674247686.9950466,58:BF:25:93:7C:88,[LG] webOS TV OLED65C25LB,20:28:bc:83:18:75,-62.6
1674247686.9950466,58:BF:25:93:7C:88,,00:04:4b:84:44:74,-76.8
1674247686.9950466,58:BF:25:93:7C:88,Simon's A53,f0:65:ae:2f:c5:d5,-42.0
1674247688.858795,0C:B8:15:F3:68:DC,Simon's A53,f0:65:ae:2f:c5:d5,-73.2
1674247690.0473523,58:BF:25:93:7C:88,[LG] webOS TV OLED65C25LB,20:28:bc:83:18:75,-62.8
1674247690.0473523,58:BF:25:93:7C:88,SHIELD,00:04:4b:84:44:74,-77.4
1674247690.0473523,58:BF:25:93:7C:88,Simon's A53,f0:65:ae:2f:c5:d5,-43.0
1674247691.9309342,0C:B8:15:F3:68:DC,Simon's A53,f0:65:ae:2f:c5:d5,-74.6
1674247693.1152146,58:BF:25:93:7C:88,Simon's A53,f0:65:ae:2f:c5:d5,-45.0
1674247693.1152146,58:BF:25:93:7C:88,SHIELD,00:04:4b:84:44:74,-79.2
1674247693.1152146,58:BF:25:93:7C:88,[LG] webOS TV OLED65C25LB,20:28:bc:83:18:75,-62.4
1674247694.9970233,0C:B8:15:F3:68:DC,Simon's A53,f0:65:ae:2f:c5:d5,-74.8
1674247696.1872346,58:BF:25:93:7C:88,,20:28:bc:83:18:75,-63.0
1674247696.1872346,58:BF:25:93:7C:88,SHIELD,00:04:4b:84:44:74,-79.8
1674247696.1872346,58:BF:25:93:7C:88,Simon's A53,f0:65:ae:2f:c5:d5,-42.8
1674247698.067672,0C:B8:15:F3:68:DC,Simon's A53,f0:65:ae:2f:c5:d5,-75.2
1674247698.067672,0C:B8:15:F3:68:DC,ESP32-Simon-01,58:bf:25:93:7c:8a,-87.0
1674247699.2737412,58:BF:25:93:7C:88,Simon's A53,f0:65:ae:2f:c5:d5,-44.0
1674247699.2737412,58:BF:25:93:7C:88,SHIELD,00:04:4b:84:44:74,-80.6
1674247699.2737412,58:BF:25:93:7C:88,[LG] webOS TV OLED65C25LB,20:28:bc:83:18:75,-63.8
1674247701.1331353,0C:B8:15:F3:68:DC,Simon's A53,f0:65:ae:2f:c5:d5,-77.0
1674247702.33329,58:BF:25:93:7C:88,[LG] webOS TV OLED65C25LB,20:28:bc:83:18:75,-63.2
1674247702.33329,58:BF:25:93:7C:88,SHIELD,00:04:4b:84:44:74,-79.6
1674247702.33329,58:BF:25:93:7C:88,Simon's A53,f0:65:ae:2f:c5:d5,-46.2
1674247705.4045985,58:BF:25:93:7C:88,,20:28:bc:83:18:75,-63.0
1674247705.4045985,58:BF:25:93:7C:88,SHIELD,00:04:4b:84:44:74,-79.4
1674247705.4045985,58:BF:25:93:7C:88,Simon's A53,f0:65:ae:2f:c5:d5,-46.8
1674247707.29158,0C:B8:15:F3:68:DC,Simon's A53,f0:65:ae:2f:c5:d5,-70.0
1674247708.482007,58:BF:25:93:7C:88,[LG] webOS TV OLED65C25LB,20:28:bc:83:18:75,-63.6
1674247708.482007,58:BF:25:93:7C:88,Simon's A53,f0:65:ae:2f:c5:d5,-44.4
1674247708.482007,58:BF:25:93:7C:88,SHIELD,00:04:4b:84:44:74,-77.6
1674247710.3475964,0C:B8:15:F3:68:DC,Simon's A53,f0:65:ae:2f:c5:d5,-74.5
1674247711.5489879,58:BF:25:93:7C:88,ESP32-Maxim,0c:b8:15:f3:68:de,-87.2
1674247711.5489879,58:BF:25:93:7C:88,SHIELD,00:04:4b:84:44:74,-77.4
1674247711.5489879,58:BF:25:93:7C:88,Simon's A53,f0:65:ae:2f:c5:d5,-46.8
1674247711.5489879,58:BF:25:93:7C:88,[LG] webOS TV OLED65C25LB,20:28:bc:83:18:75,-64.0
1674247713.4146073,0C:B8:15:F3:68:DC,Simon's A53,f0:65:ae:2f:c5:d5,-72.0
1674247714.642849,58:BF:25:93:7C:88,[LG] webOS TV OLED65C25LB,20:28:bc:83:18:75,-63.0
1674247714.642849,58:BF:25:93:7C:88,Simon's A53,f0:65:ae:2f:c5:d5,-46.4
1674247714.642849,58:BF:25:93:7C:88,SHIELD,00:04:4b:84:44:74,-76.0
1674247714.642849,58:BF:25:93:7C:88,ESP32-Maxim,0c:b8:15:f3:68:de,-87.4
1674247716.4859202,0C:B8:15:F3:68:DC,Simon's A53,f0:65:ae:2f:c5:d5,-72.5
1674247717.6914136,58:BF:25:93:7C:88,Simon's A53,f0:65:ae:2f:c5:d5,-45.4
1674247717.6914136,58:BF:25:93:7C:88,SHIELD,00:04:4b:84:44:74,-77.0
1674247717.6914136,58:BF:25:93:7C:88,[LG] webOS TV OLED65C25LB,20:28:bc:83:18:75,-61.8
1674247717.6914136,58:BF:25:93:7C:88,ESP32-Maxim,0c:b8:15:f3:68:de,-85.8
1674247719.5577228,0C:B8:15:F3:68:DC,Simon's A53,f0:65:ae:2f:c5:d5,-73.2
1674247719.5577228,0C:B8:15:F3:68:DC,ESP32-Simon-01,58:bf:25:93:7c:8a,-91.0
1674247720.7491398,58:BF:25:93:7C:88,Simon's A53,f0:65:ae:2f:c5:d5,-44.8
1674247720.7491398,58:BF:25:93:7C:88,,00:04:4b:84:44:74,-77.4
1674247720.7491398,58:BF:25:93:7C:88,[LG] webOS TV OLED65C25LB,20:28:bc:83:18:75,-61.6
1674247720.7491398,58:BF:25:93:7C:88,ESP32-Maxim,0c:b8:15:f3:68:de,-86.4
1674247722.6232626,0C:B8:15:F3:68:DC,Simon's A53,f0:65:ae:2f:c5:d5,-73.4
1674247722.6232626,0C:B8:15:F3:68:DC,ESP32-Simon-01,58:bf:25:93:7c:8a,-88.0
1674247723.8184972,58:BF:25:93:7C:88,[LG] webOS TV OLED65C25LB,20:28:bc:83:18:75,-63.2
1674247723.8184972,58:BF:25:93:7C:88,SHIELD,00:04:4b:84:44:74,-77.8
1674247723.8184972,58:BF:25:93:7C:88,Simon's A53,f0:65:ae:2f:c5:d5,-45.6
1674247723.8184972,58:BF:25:93:7C:88,ESP32-Maxim,0c:b8:15:f3:68:de,-85.4
1674247725.6905534,0C:B8:15:F3:68:DC,Simon's A53,f0:65:ae:2f:c5:d5,-72.2
1674247726.8690028,58:BF:25:93:7C:88,[LG] webOS TV OLED65C25LB,20:28:bc:83:18:75,-62.8
1674247726.8690028,58:BF:25:93:7C:88,Simon's A53,f0:65:ae:2f:c5:d5,-46.2
1674247726.8690028,58:BF:25:93:7C:88,SHIELD,00:04:4b:84:44:74,-77.2
1674247726.8690028,58:BF:25:93:7C:88,ESP32-Maxim,0c:b8:15:f3:68:de,-84.0
1674247728.761953,0C:B8:15:F3:68:DC,Simon's A53,f0:65:ae:2f:c5:d5,-74.2
1674247728.761953,0C:B8:15:F3:68:DC,ESP32-Simon-01,58:bf:25:93:7c:8a,-85.66666666666667
1674247729.9426782,58:BF:25:93:7C:88,Simon's A53,f0:65:ae:2f:c5:d5,-48.2
1674247729.9426782,58:BF:25:93:7C:88,,00:04:4b:84:44:74,-77.6
1674247729.9426782,58:BF:25:93:7C:88,[LG] webOS TV OLED65C25LB,20:28:bc:83:18:75,-63.2
1674247729.9426782,58:BF:25:93:7C:88,ESP32-Maxim,0c:b8:15:f3:68:de,-84.6
1674247731.8365414,0C:B8:15:F3:68:DC,Simon's A53,f0:65:ae:2f:c5:d5,-73.6
1674247733.013919,58:BF:25:93:7C:88,SHIELD,00:04:4b:84:44:74,-78.4
1674247733.013919,58:BF:25:93:7C:88,[LG] webOS TV OLED65C25LB,20:28:bc:83:18:75,-63.8
1674247733.013919,58:BF:25:93:7C:88,Simon's A53,f0:65:ae:2f:c5:d5,-50.8
1674247734.911887,0C:B8:15:F3:68:DC,Simon's A53,f0:65:ae:2f:c5:d5,-72.4
1674247734.911887,0C:B8:15:F3:68:DC,ESP32-Simon-01,58:bf:25:93:7c:8a,-85.0
1674247736.069221,58:BF:25:93:7C:88,SHIELD,00:04:4b:84:44:74,-77.6
1674247736.069221,58:BF:25:93:7C:88,[LG] webOS TV OLED65C25LB,20:28:bc:83:18:75,-66.2
1674247736.069221,58:BF:25:93:7C:88,Simon's A53,f0:65:ae:2f:c5:d5,-52.4
1674247736.069221,58:BF:25:93:7C:88,ESP32-Maxim,0c:b8:15:f3:68:de,-84.2
1674247737.9801354,0C:B8:15:F3:68:DC,Simon's A53,f0:65:ae:2f:c5:d5,-70.8
1674247737.9801354,0C:B8:15:F3:68:DC,ESP32-Simon-01,58:bf:25:93:7c:8a,-85.6
1674247739.1383376,58:BF:25:93:7C:88,Simon's A53,f0:65:ae:2f:c5:d5,-54.8
1674247739.1383376,58:BF:25:93:7C:88,SHIELD,00:04:4b:84:44:74,-77.0
1674247739.1383376,58:BF:25:93:7C:88,ESP32-Maxim,0c:b8:15:f3:68:de,-84.4
1674247739.1383376,58:BF:25:93:7C:88,[LG] webOS TV OLED65C25LB,20:28:bc:83:18:75,-64.0
1674247741.0458224,0C:B8:15:F3:68:DC,Simon's A53,f0:65:ae:2f:c5:d5,-69.4
1674247741.0458224,0C:B8:15:F3:68:DC,ESP32-Simon-01,58:bf:25:93:7c:8a,-84.0
1674247742.2221045,58:BF:25:93:7C:88,[LG] webOS TV OLED65C25LB,20:28:bc:83:18:75,-63.8
1674247742.2221045,58:BF:25:93:7C:88,SHIELD,00:04:4b:84:44:74,-77.6
1674247742.2221045,58:BF:25:93:7C:88,Simon's A53,f0:65:ae:2f:c5:d5,-54.8
1674247742.2221045,58:BF:25:93:7C:88,,0c:b8:15:f3:68:de,-86.2
1674247744.1105683,0C:B8:15:F3:68:DC,Simon's A53,f0:65:ae:2f:c5:d5,-68.4
1674247745.2855363,58:BF:25:93:7C:88,[LG] webOS TV OLED65C25LB,20:28:bc:83:18:75,-65.8
1674247745.2855363,58:BF:25:93:7C:88,SHIELD,00:04:4b:84:44:74,-76.6
1674247745.2855363,58:BF:25:93:7C:88,Simon's A53,f0:65:ae:2f:c5:d5,-55.4
1674247747.1575322,0C:B8:15:F3:68:DC,Simon's A53,f0:65:ae:2f:c5:d5,-67.8
1674247748.3596332,58:BF:25:93:7C:88,SHIELD,00:04:4b:84:44:74,-74.8
1674247748.3596332,58:BF:25:93:7C:88,Simon's A53,f0:65:ae:2f:c5:d5,-57.0
1674247748.3596332,58:BF:25:93:7C:88,ESP32-Maxim,0c:b8:15:f3:68:de,-87.8
1674247748.3596332,58:BF:25:93:7C:88,[LG] webOS TV OLED65C25LB,20:28:bc:83:18:75,-65.6
1674247750.2103977,0C:B8:15:F3:68:DC,Simon's A53,f0:65:ae:2f:c5:d5,-67.0
1674247750.2103977,0C:B8:15:F3:68:DC,ESP32-Simon-01,58:bf:25:93:7c:8a,-84.4
1674247751.4312341,58:BF:25:93:7C:88,SHIELD,00:04:4b:84:44:74,-75.0
1674247751.4312341,58:BF:25:93:7C:88,[LG] webOS TV OLED65C25LB,20:28:bc:83:18:75,-63.4
1674247751.4312341,58:BF:25:93:7C:88,Simon's A53,f0:65:ae:2f:c5:d5,-57.8
1674247751.4312341,58:BF:25:93:7C:88,ESP32-Maxim,0c:b8:15:f3:68:de,-87.6
1674247753.2831821,0C:B8:15:F3:68:DC,,58:bf:25:93:7c:8a,-86.6
1674247753.2831821,0C:B8:15:F3:68:DC,Simon's A53,f0:65:ae:2f:c5:d5,-69.0
1674247754.5024333,58:BF:25:93:7C:88,[LG] webOS TV OLED65C25LB,20:28:bc:83:18:75,-63.4
1674247754.5024333,58:BF:25:93:7C:88,SHIELD,00:04:4b:84:44:74,-75.4
1674247754.5024333,58:BF:25:93:7C:88,Simon's A53,f0:65:ae:2f:c5:d5,-56.8
1674247756.35147,0C:B8:15:F3:68:DC,Simon's A53,f0:65:ae:2f:c5:d5,-71.4
1674247757.576436,58:BF:25:93:7C:88,[LG] webOS TV OLED65C25LB,20:28:bc:83:18:75,-63.0
1674247757.576436,58:BF:25:93:7C:88,SHIELD,00:04:4b:84:44:74,-75.0
1674247757.576436,58:BF:25:93:7C:88,Simon's A53,f0:65:ae:2f:c5:d5,-57.4
1674247757.576436,58:BF:25:93:7C:88,ESP32-Maxim,0c:b8:15:f3:68:de,-87.8
1674247759.4129074,0C:B8:15:F3:68:DC,Simon's A53,f0:65:ae:2f:c5:d5,-71.4
1674247759.4129074,0C:B8:15:F3:68:DC,ESP32-Simon-01,58:bf:25:93:7c:8a,-87.8
1674247760.6575332,58:BF:25:93:7C:88,SHIELD,00:04:4b:84:44:74,-75.2
1674247760.6575332,58:BF:25:93:7C:88,[LG] webOS TV OLED65C25LB,20:28:bc:83:18:75,-62.0
1674247760.6575332,58:BF:25:93:7C:88,Simon's A53,f0:65:ae:2f:c5:d5,-58.6
1674247760.6575332,58:BF:25:93:7C:88,ESP32-Maxim,0c:b8:15:f3:68:de,-87.0
1674247762.470716,0C:B8:15:F3:68:DC,Simon's A53,f0:65:ae:2f:c5:d5,-70.8
1674247763.7262325,58:BF:25:93:7C:88,SHIELD,00:04:4b:84:44:74,-75.6
1674247763.7262325,58:BF:25:93:7C:88,Simon's A53,f0:65:ae:2f:c5:d5,-58.2
1674247763.7262325,58:BF:25:93:7C:88,[LG] webOS TV OLED65C25LB,20:28:bc:83:18:75,-62.4
1674247765.5191963,0C:B8:15:F3:68:DC,Simon's A53,f0:65:ae:2f:c5:d5,-72.8
1674247765.5191963,0C:B8:15:F3:68:DC,ESP32-Simon-01,58:bf:25:93:7c:8a,-87.0
1674247766.804902,58:BF:25:93:7C:88,SHIELD,00:04:4b:84:44:74,-75.6
1674247766.804902,58:BF:25:93:7C:88,[LG] webOS TV OLED65C25LB,20:28:bc:83:18:75,-62.0
1674247766.804902,58:BF:25:93:7C:88,Simon's A53,f0:65:ae:2f:c5:d5,-59.4
1674247768.5801537,0C:B8:15:F3:68:DC,Simon's A53,f0:65:ae:2f:c5:d5,-73.4
1674247769.862587,58:BF:25:93:7C:88,[LG] webOS TV OLED65C25LB,20:28:bc:83:18:75,-62.8
1674247769.862587,58:BF:25:93:7C:88,Simon's A53,f0:65:ae:2f:c5:d5,-61.0
1674247769.862587,58:BF:25:93:7C:88,SHIELD,00:04:4b:84:44:74,-76.0
1674247769.862587,58:BF:25:93:7C:88,ESP32-Maxim,0c:b8:15:f3:68:de,-86.8
1674247771.6455586,0C:B8:15:F3:68:DC,Simon's A53,f0:65:ae:2f:c5:d5,-71.8
1674247772.9481392,58:BF:25:93:7C:88,[LG] webOS TV OLED65C25LB,20:28:bc:83:18:75,-66.0
1674247772.9481392,58:BF:25:93:7C:88,SHIELD,00:04:4b:84:44:74,-75.6
1674247772.9481392,58:BF:25:93:7C:88,ESP32-Maxim,0c:b8:15:f3:68:de,-85.6
1674247772.9481392,58:BF:25:93:7C:88,Simon's A53,f0:65:ae:2f:c5:d5,-63.0
1674247774.716736,0C:B8:15:F3:68:DC,Simon's A53,f0:65:ae:2f:c5:d5,-72.2
1674247776.039174,58:BF:25:93:7C:88,SHIELD,00:04:4b:84:44:74,-75.4
1674247776.039174,58:BF:25:93:7C:88,[LG] webOS TV OLED65C25LB,20:28:bc:83:18:75,-65.0
1674247776.039174,58:BF:25:93:7C:88,Simon's A53,f0:65:ae:2f:c5:d5,-63.6
1674247777.7864115,0C:B8:15:F3:68:DC,Simon's A53,f0:65:ae:2f:c5:d5,-71.8
1674247779.0914767,58:BF:25:93:7C:88,Simon's A53,f0:65:ae:2f:c5:d5,-63.2
1674247779.0914767,58:BF:25:93:7C:88,SHIELD,00:04:4b:84:44:74,-74.6
1674247779.0914767,58:BF:25:93:7C:88,[LG] webOS TV OLED65C25LB,20:28:bc:83:18:75,-70.0
1674247780.8534818,0C:B8:15:F3:68:DC,Simon's A53,f0:65:ae:2f:c5:d5,-70.0
1674247782.1650085,58:BF:25:93:7C:88,[LG] webOS TV OLED65C25LB,20:28:bc:83:18:75,-70.4
1674247782.1650085,58:BF:25:93:7C:88,SHIELD,00:04:4b:84:44:74,-74.6
1674247782.1650085,58:BF:25:93:7C:88,Simon's A53,f0:65:ae:2f:c5:d5,-65.2
1674247783.9253423,0C:B8:15:F3:68:DC,Simon's A53,f0:65:ae:2f:c5:d5,-67.8
1674247785.228102,58:BF:25:93:7C:88,Simon's A53,f0:65:ae:2f:c5:d5,-66.4
1674247785.228102,58:BF:25:93:7C:88,SHIELD,00:04:4b:84:44:74,-74.4
1674247785.228102,58:BF:25:93:7C:88,[LG] webOS TV OLED65C25LB,20:28:bc:83:18:75,-69.6
1674247787.0488565,0C:B8:15:F3:68:DC,Simon's A53,f0:65:ae:2f:c5:d5,-67.6
1674247788.2935102,58:BF:25:93:7C:88,[LG] webOS TV OLED65C25LB,20:28:bc:83:18:75,-67.4
1674247788.2935102,58:BF:25:93:7C:88,Simon's A53,f0:65:ae:2f:c5:d5,-64.2
1674247788.2935102,58:BF:25:93:7C:88,SHIELD,00:04:4b:84:44:74,-76.2
1674247790.1513255,0C:B8:15:F3:68:DC,,f0:65:ae:2f:c5:d5,-66.0
1674247791.3672621,58:BF:25:93:7C:88,SHIELD,00:04:4b:84:44:74,-76.2
1674247791.3672621,58:BF:25:93:7C:88,[LG] webOS TV OLED65C25LB,20:28:bc:83:18:75,-67.2
1674247791.3672621,58:BF:25:93:7C:88,Simon's A53,f0:65:ae:2f:c5:d5,-63.4
1674247793.2373123,0C:B8:15:F3:68:DC,Simon's A53,f0:65:ae:2f:c5:d5,-66.0
1674247794.4269729,58:BF:25:93:7C:88,SHIELD,00:04:4b:84:44:74,-76.2
1674247794.4269729,58:BF:25:93:7C:88,Simon's A53,f0:65:ae:2f:c5:d5,-67.2
1674247796.3067367,0C:B8:15:F3:68:DC,Simon's A53,f0:65:ae:2f:c5:d5,-68.0
1674247796.3067367,0C:B8:15:F3:68:DC,ESP32-Simon-01,58:bf:25:93:7c:8a,-87.8
1674247797.484996,58:BF:25:93:7C:88,Simon's A53,f0:65:ae:2f:c5:d5,-64.0
1674247797.484996,58:BF:25:93:7C:88,SHIELD,00:04:4b:84:44:74,-75.4
1674247797.484996,58:BF:25:93:7C:88,[LG] webOS TV OLED65C25LB,20:28:bc:83:18:75,-61.6
1674247799.375896,0C:B8:15:F3:68:DC,Simon's A53,f0:65:ae:2f:c5:d5,-69.0
1674247800.5900033,58:BF:25:93:7C:88,SHIELD,00:04:4b:84:44:74,-75.8
1674247800.5900033,58:BF:25:93:7C:88,[LG] webOS TV OLED65C25LB,20:28:bc:83:18:75,-64.6
1674247800.5900033,58:BF:25:93:7C:88,Simon's A53,f0:65:ae:2f:c5:d5,-63.8
1674247802.4445846,0C:B8:15:F3:68:DC,Simon's A53,f0:65:ae:2f:c5:d5,-69.4
1674247803.6117904,58:BF:25:93:7C:88,SHIELD,00:04:4b:84:44:74,-74.4
1674247803.6117904,58:BF:25:93:7C:88,Simon's A53,f0:65:ae:2f:c5:d5,-63.4
1674247803.6117904,58:BF:25:93:7C:88,[LG] webOS TV OLED65C25LB,20:28:bc:83:18:75,-67.8
1674247805.5196545,0C:B8:15:F3:68:DC,Simon's A53,f0:65:ae:2f:c5:d5,-70.8
1674247805.5196545,0C:B8:15:F3:68:DC,ESP32-Simon-01,58:bf:25:93:7c:8a,-87.8
1674247806.6859167,58:BF:25:93:7C:88,Simon's A53,f0:65:ae:2f:c5:d5,-65.4
1674247806.6859167,58:BF:25:93:7C:88,SHIELD,00:04:4b:84:44:74,-75.6
1674247806.6859167,58:BF:25:93:7C:88,[LG] webOS TV OLED65C25LB,20:28:bc:83:18:75,-67.2
1674247808.596901,0C:B8:15:F3:68:DC,Simon's A53,f0:65:ae:2f:c5:d5,-72.8
1674247809.751844,58:BF:25:93:7C:88,[LG] webOS TV OLED65C25LB,20:28:bc:83:18:75,-69.8
1674247809.751844,58:BF:25:93:7C:88,SHIELD,00:04:4b:84:44:74,-76.2
1674247809.751844,58:BF:25:93:7C:88,Simon's A53,f0:65:ae:2f:c5:d5,-61.2
1674247811.6828303,0C:B8:15:F3:68:DC,Simon's A53,f0:65:ae:2f:c5:d5,-71.6
1674247812.8350997,58:BF:25:93:7C:88,SHIELD,00:04:4b:84:44:74,-76.6
1674247812.8350997,58:BF:25:93:7C:88,Simon's A53,f0:65:ae:2f:c5:d5,-62.4
1674247812.8350997,58:BF:25:93:7C:88,[LG] webOS TV OLED65C25LB,20:28:bc:83:18:75,-69.2
1674247814.7468948,0C:B8:15:F3:68:DC,Simon's A53,f0:65:ae:2f:c5:d5,-74.4
1674247815.8966618,58:BF:25:93:7C:88,ESP32-Maxim,0c:b8:15:f3:68:de,-85.2
1674247815.8966618,58:BF:25:93:7C:88,Simon's A53,f0:65:ae:2f:c5:d5,-61.4
1674247815.8966618,58:BF:25:93:7C:88,SHIELD,00:04:4b:84:44:74,-75.6
1674247815.8966618,58:BF:25:93:7C:88,[LG] webOS TV OLED65C25LB,20:28:bc:83:18:75,-66.8
1674247817.817609,0C:B8:15:F3:68:DC,,58:bf:25:93:7c:8a,-87.8
1674247817.817609,0C:B8:15:F3:68:DC,Simon's A53,f0:65:ae:2f:c5:d5,-76.4
1674247818.9821246,58:BF:25:93:7C:88,[LG] webOS TV OLED65C25LB,20:28:bc:83:18:75,-64.4
1674247818.9821246,58:BF:25:93:7C:88,Simon's A53,f0:65:ae:2f:c5:d5,-62.4
1674247818.9821246,58:BF:25:93:7C:88,SHIELD,00:04:4b:84:44:74,-76.0
1674247820.8862565,0C:B8:15:F3:68:DC,Simon's A53,f0:65:ae:2f:c5:d5,-76.6
1674247822.038507,58:BF:25:93:7C:88,Simon's A53,f0:65:ae:2f:c5:d5,-61.2
1674247822.038507,58:BF:25:93:7C:88,SHIELD,00:04:4b:84:44:74,-74.8
1674247822.038507,58:BF:25:93:7C:88,[LG] webOS TV OLED65C25LB,20:28:bc:83:18:75,-65.0
1674247823.9503934,0C:B8:15:F3:68:DC,,58:bf:25:93:7c:8a,-88.4
1674247823.9503934,0C:B8:15:F3:68:DC,Simon's A53,f0:65:ae:2f:c5:d5,-74.8
1674247825.105136,58:BF:25:93:7C:88,Simon's A53,f0:65:ae:2f:c5:d5,-63.4
1674247825.105136,58:BF:25:93:7C:88,ESP32-Maxim,0c:b8:15:f3:68:de,-86.0
1674247825.105136,58:BF:25:93:7C:88,[LG] webOS TV OLED65C25LB,20:28:bc:83:18:75,-62.4
1674247825.105136,58:BF:25:93:7C:88,SHIELD,00:04:4b:84:44:74,-74.4
1674247828.1751475,58:BF:25:93:7C:88,Simon's A53,f0:65:ae:2f:c5:d5,-64.4
1674247828.1751475,58:BF:25:93:7C:88,ESP32-Maxim,0c:b8:15:f3:68:de,-86.0
1674247828.1751475,58:BF:25:93:7C:88,SHIELD,00:04:4b:84:44:74,-74.8
1674247828.1751475,58:BF:25:93:7C:88,[LG] webOS TV OLED65C25LB,20:28:bc:83:18:75,-62.8
1674247830.0875006,0C:B8:15:F3:68:DC,Simon's A53,f0:65:ae:2f:c5:d5,-55.0
1674247831.2362642,58:BF:25:93:7C:88,[LG] webOS TV OLED65C25LB,20:28:bc:83:18:75,-62.0
1674247831.2362642,58:BF:25:93:7C:88,Simon's A53,f0:65:ae:2f:c5:d5,-68.2
1674247831.2362642,58:BF:25:93:7C:88,SHIELD,00:04:4b:84:44:74,-74.8
1674247833.1905074,0C:B8:15:F3:68:DC,Simon's A53,f0:65:ae:2f:c5:d5,-60.0
1674247834.3047483,58:BF:25:93:7C:88,SHIELD,00:04:4b:84:44:74,-74.4
1674247834.3047483,58:BF:25:93:7C:88,Simon's A53,f0:65:ae:2f:c5:d5,-68.2
1674247834.3047483,58:BF:25:93:7C:88,[LG] webOS TV OLED65C25LB,20:28:bc:83:18:75,-61.0
1674247836.2378223,0C:B8:15:F3:68:DC,,f0:65:ae:2f:c5:d5,-60.0
1674247837.3654723,58:BF:25:93:7C:88,SHIELD,00:04:4b:84:44:74,-74.4
1674247837.3654723,58:BF:25:93:7C:88,Simon's A53,f0:65:ae:2f:c5:d5,-68.2
1674247837.3654723,58:BF:25:93:7C:88,[LG] webOS TV OLED65C25LB,20:28:bc:83:18:75,-61.0
1674247839.299452,0C:B8:15:F3:68:DC,Simon's A53,f0:65:ae:2f:c5:d5,-62.25
1674247840.4458008,58:BF:25:93:7C:88,SHIELD,00:04:4b:84:44:74,-74.6
1674247840.4458008,58:BF:25:93:7C:88,[LG] webOS TV OLED65C25LB,20:28:bc:83:18:75,-60.8
1674247840.4458008,58:BF:25:93:7C:88,Simon's A53,f0:65:ae:2f:c5:d5,-71.2
1674247842.3622448,0C:B8:15:F3:68:DC,Simon's A53,f0:65:ae:2f:c5:d5,-63.2
1674247843.5040343,58:BF:25:93:7C:88,Simon's A53,f0:65:ae:2f:c5:d5,-72.2
1674247843.5040343,58:BF:25:93:7C:88,ESP32-Maxim,0c:b8:15:f3:68:de,-86.0
1674247843.5040343,58:BF:25:93:7C:88,SHIELD,00:04:4b:84:44:74,-74.2
1674247843.5040343,58:BF:25:93:7C:88,[LG] webOS TV OLED65C25LB,20:28:bc:83:18:75,-60.4
1674247845.4275405,0C:B8:15:F3:68:DC,Simon's A53,f0:65:ae:2f:c5:d5,-63.8
1674247846.5653994,58:BF:25:93:7C:88,[LG] webOS TV OLED65C25LB,20:28:bc:83:18:75,-64.2
1674247846.5653994,58:BF:25:93:7C:88,SHIELD,00:04:4b:84:44:74,-75.4
1674247846.5653994,58:BF:25:93:7C:88,Simon's A53,f0:65:ae:2f:c5:d5,-69.4
1674247848.498177,0C:B8:15:F3:68:DC,Simon's A53,f0:65:ae:2f:c5:d5,-62.6
1674247849.6865842,58:BF:25:93:7C:88,Simon's A53,f0:65:ae:2f:c5:d5,-69.8
1674247849.6865842,58:BF:25:93:7C:88,SHIELD,00:04:4b:84:44:74,-75.4
1674247849.6865842,58:BF:25:93:7C:88,[LG] webOS TV OLED65C25LB,20:28:bc:83:18:75,-64.0
1674247851.5752456,0C:B8:15:F3:68:DC,Simon's A53,f0:65:ae:2f:c5:d5,-61.4
1674247852.758228,58:BF:25:93:7C:88,Simon's A53,f0:65:ae:2f:c5:d5,-70.2
1674247852.758228,58:BF:25:93:7C:88,SHIELD,00:04:4b:84:44:74,-75.4
1674247852.758228,58:BF:25:93:7C:88,[LG] webOS TV OLED65C25LB,20:28:bc:83:18:75,-67.0
1674247854.6830344,0C:B8:15:F3:68:DC,Simon's A53,f0:65:ae:2f:c5:d5,-59.0
1674247854.6830344,0C:B8:15:F3:68:DC,ESP32-Simon-01,58:bf:25:93:7c:8a,-86.0
1674247855.837288,58:BF:25:93:7C:88,Simon's A53,f0:65:ae:2f:c5:d5,-66.4
1674247855.837288,58:BF:25:93:7C:88,SHIELD,00:04:4b:84:44:74,-75.0
1674247855.837288,58:BF:25:93:7C:88,[LG] webOS TV OLED65C25LB,20:28:bc:83:18:75,-68.0
1674247857.726442,0C:B8:15:F3:68:DC,Simon's A53,f0:65:ae:2f:c5:d5,-59.0
1674247858.9057286,58:BF:25:93:7C:88,Simon's A53,f0:65:ae:2f:c5:d5,-68.2
1674247858.9057286,58:BF:25:93:7C:88,SHIELD,00:04:4b:84:44:74,-75.4
1674247858.9057286,58:BF:25:93:7C:88,[LG] webOS TV OLED65C25LB,20:28:bc:83:18:75,-68.4
1674247860.7927535,0C:B8:15:F3:68:DC,Simon's A53,f0:65:ae:2f:c5:d5,-59.2
1674247862.0044222,58:BF:25:93:7C:88,ESP32-Maxim,0c:b8:15:f3:68:de,-87.4
1674247862.0044222,58:BF:25:93:7C:88,SHIELD,00:04:4b:84:44:74,-74.8
1674247862.0044222,58:BF:25:93:7C:88,,f0:65:ae:2f:c5:d5,-71.2
1674247862.0044222,58:BF:25:93:7C:88,[LG] webOS TV OLED65C25LB,20:28:bc:83:18:75,-66.0
1674247863.8637335,0C:B8:15:F3:68:DC,Simon's A53,f0:65:ae:2f:c5:d5,-60.0
1674247865.037413,58:BF:25:93:7C:88,ESP32-Maxim,0c:b8:15:f3:68:de,-87.2
1674247865.037413,58:BF:25:93:7C:88,Simon's A53,f0:65:ae:2f:c5:d5,-74.0
1674247865.037413,58:BF:25:93:7C:88,SHIELD,00:04:4b:84:44:74,-74.6
1674247865.037413,58:BF:25:93:7C:88,[LG] webOS TV OLED65C25LB,20:28:bc:83:18:75,-66.4
1674247866.9268844,0C:B8:15:F3:68:DC,Simon's A53,f0:65:ae:2f:c5:d5,-64.4
1674247868.1090987,58:BF:25:93:7C:88,SHIELD,00:04:4b:84:44:74,-74.6
1674247868.1090987,58:BF:25:93:7C:88,,0c:b8:15:f3:68:de,-86.0
1674247868.1090987,58:BF:25:93:7C:88,Simon's A53,f0:65:ae:2f:c5:d5,-74.4
1674247868.1090987,58:BF:25:93:7C:88,[LG] webOS TV OLED65C25LB,20:28:bc:83:18:75,-63.6
1674247869.9985538,0C:B8:15:F3:68:DC,Simon's A53,f0:65:ae:2f:c5:d5,-63.8
1674247871.182028,58:BF:25:93:7C:88,Simon's A53,f0:65:ae:2f:c5:d5,-75.0
1674247871.182028,58:BF:25:93:7C:88,SHIELD,00:04:4b:84:44:74,-74.6
1674247871.182028,58:BF:25:93:7C:88,[LG] webOS TV OLED65C25LB,20:28:bc:83:18:75,-62.6
1674247873.0762002,0C:B8:15:F3:68:DC,Simon's A53,f0:65:ae:2f:c5:d5,-60.6
1674247873.0762002,0C:B8:15:F3:68:DC,ESP32-Simon-01,58:bf:25:93:7c:8a,-87.0
1674247874.248525,58:BF:25:93:7C:88,[LG] webOS TV OLED65C25LB,20:28:bc:83:18:75,-62.6
1674247874.248525,58:BF:25:93:7C:88,SHIELD,00:04:4b:84:44:74,-74.2
1674247874.248525,58:BF:25:93:7C:88,Simon's A53,f0:65:ae:2f:c5:d5,-74.0
1674247876.1484804,0C:B8:15:F3:68:DC,Simon's A53,f0:65:ae:2f:c5:d5,-58.6
1674247876.1484804,0C:B8:15:F3:68:DC,ESP32-Simon-01,58:bf:25:93:7c:8a,-88.0
1674247877.348672,58:BF:25:93:7C:88,SHIELD,00:04:4b:84:44:74,-75.0
1674247877.348672,58:BF:25:93:7C:88,Simon's A53,f0:65:ae:2f:c5:d5,-72.0
1674247877.348672,58:BF:25:93:7C:88,,20:28:bc:83:18:75,-62.2
1674247879.207577,0C:B8:15:F3:68:DC,Simon's A53,f0:65:ae:2f:c5:d5,-55.2
1674247880.419846,58:BF:25:93:7C:88,SHIELD,00:04:4b:84:44:74,-75.0
1674247880.419846,58:BF:25:93:7C:88,[LG] webOS TV OLED65C25LB,20:28:bc:83:18:75,-61.8
1674247880.419846,58:BF:25:93:7C:88,Simon's A53,f0:65:ae:2f:c5:d5,-70.2
1674247882.2723,0C:B8:15:F3:68:DC,Simon's A53,f0:65:ae:2f:c5:d5,-49.2
1674247882.2723,0C:B8:15:F3:68:DC,,20:28:bc:83:18:75,-94.0
1674247883.4662206,58:BF:25:93:7C:88,[LG] webOS TV OLED65C25LB,20:28:bc:83:18:75,-60.6
1674247883.4662206,58:BF:25:93:7C:88,SHIELD,00:04:4b:84:44:74,-76.0
1674247883.4662206,58:BF:25:93:7C:88,Simon's A53,f0:65:ae:2f:c5:d5,-69.0
1674247883.4662206,58:BF:25:93:7C:88,ESP32-Maxim,0c:b8:15:f3:68:de,-86.6
1674247885.339903,0C:B8:15:F3:68:DC,Simon's A53,f0:65:ae:2f:c5:d5,-50.0
1674247886.5433683,58:BF:25:93:7C:88,SHIELD,00:04:4b:84:44:74,-76.0
1674247886.5433683,58:BF:25:93:7C:88,[LG] webOS TV OLED65C25LB,20:28:bc:83:18:75,-64.6
1674247886.5433683,58:BF:25:93:7C:88,ESP32-Maxim,0c:b8:15:f3:68:de,-87.0
1674247886.5433683,58:BF:25:93:7C:88,Simon's A53,f0:65:ae:2f:c5:d5,-69.2
1674247888.469523,0C:B8:15:F3:68:DC,Simon's A53,f0:65:ae:2f:c5:d5,-50.2
1674247889.6151042,58:BF:25:93:7C:88,Simon's A53,f0:65:ae:2f:c5:d5,-71.2
1674247889.6151042,58:BF:25:93:7C:88,[LG] webOS TV OLED65C25LB,20:28:bc:83:18:75,-64.2
1674247889.6151042,58:BF:25:93:7C:88,SHIELD,00:04:4b:84:44:74,-76.0
1674247891.5337923,0C:B8:15:F3:68:DC,Simon's A53,f0:65:ae:2f:c5:d5,-49.6
1674247892.69815,58:BF:25:93:7C:88,[LG] webOS TV OLED65C25LB,20:28:bc:83:18:75,-64.0
1674247892.69815,58:BF:25:93:7C:88,SHIELD,00:04:4b:84:44:74,-75.0
1674247892.69815,58:BF:25:93:7C:88,,f0:65:ae:2f:c5:d5,-70.0
1674247894.5866082,0C:B8:15:F3:68:DC,Simon's A53,f0:65:ae:2f:c5:d5,-48.6
1674247895.7864556,58:BF:25:93:7C:88,Simon's A53,f0:65:ae:2f:c5:d5,-70.8
1674247895.7864556,58:BF:25:93:7C:88,[LG] webOS TV OLED65C25LB,20:28:bc:83:18:75,-64.6
1674247895.7864556,58:BF:25:93:7C:88,SHIELD,00:04:4b:84:44:74,-75.2
1674247897.659777,0C:B8:15:F3:68:DC,Simon's A53,f0:65:ae:2f:c5:d5,-47.6
1674247897.659777,0C:B8:15:F3:68:DC,ESP32-Simon-01,58:bf:25:93:7c:8a,-88.25
1674247898.838396,58:BF:25:93:7C:88,Simon's A53,f0:65:ae:2f:c5:d5,-71.8
1674247898.838396,58:BF:25:93:7C:88,SHIELD,00:04:4b:84:44:74,-74.2
1674247898.838396,58:BF:25:93:7C:88,[LG] webOS TV OLED65C25LB,20:28:bc:83:18:75,-65.4
1674247900.7265723,0C:B8:15:F3:68:DC,Simon's A53,f0:65:ae:2f:c5:d5,-44.4
1674247901.8975258,58:BF:25:93:7C:88,[LG] webOS TV OLED65C25LB,20:28:bc:83:18:75,-62.4
1674247901.8975258,58:BF:25:93:7C:88,SHIELD,00:04:4b:84:44:74,-74.4
1674247903.776861,0C:B8:15:F3:68:DC,Simon's A53,f0:65:ae:2f:c5:d5,-42.6
1674247904.9524207,58:BF:25:93:7C:88,Simon's A53,f0:65:ae:2f:c5:d5,-72.4
1674247904.9524207,58:BF:25:93:7C:88,SHIELD,00:04:4b:84:44:74,-74.8
1674247904.9524207,58:BF:25:93:7C:88,,20:28:bc:83:18:75,-62.2
1674247906.838079,0C:B8:15:F3:68:DC,Simon's A53,f0:65:ae:2f:c5:d5,-44.6
1674247908.017471,58:BF:25:93:7C:88,SHIELD,00:04:4b:84:44:74,-74.4
1674247908.017471,58:BF:25:93:7C:88,Simon's A53,f0:65:ae:2f:c5:d5,-70.6
1674247908.017471,58:BF:25:93:7C:88,[LG] webOS TV OLED65C25LB,20:28:bc:83:18:75,-61.8
1674247908.017471,58:BF:25:93:7C:88,ESP32-Maxim,0c:b8:15:f3:68:de,-85.8
1674247909.9125338,0C:B8:15:F3:68:DC,Simon's A53,f0:65:ae:2f:c5:d5,-47.6
1674247909.9125338,0C:B8:15:F3:68:DC,ESP32-Simon-01,58:bf:25:93:7c:8a,-87.6
1674247911.1009386,58:BF:25:93:7C:88,[LG] webOS TV OLED65C25LB,20:28:bc:83:18:75,-62.4
1674247911.1009386,58:BF:25:93:7C:88,SHIELD,00:04:4b:84:44:74,-74.0
1674247911.1009386,58:BF:25:93:7C:88,Simon's A53,f0:65:ae:2f:c5:d5,-72.6
1674247912.975551,0C:B8:15:F3:68:DC,Simon's A53,f0:65:ae:2f:c5:d5,-50.6
1674247914.1691391,58:BF:25:93:7C:88,SHIELD,00:04:4b:84:44:74,-74.8
1674247914.1691391,58:BF:25:93:7C:88,[LG] webOS TV OLED65C25LB,20:28:bc:83:18:75,-62.4
1674247914.1691391,58:BF:25:93:7C:88,Simon's A53,f0:65:ae:2f:c5:d5,-71.2
1674247916.0536263,0C:B8:15:F3:68:DC,Simon's A53,f0:65:ae:2f:c5:d5,-53.2
1674247917.24245,58:BF:25:93:7C:88,Simon's A53,f0:65:ae:2f:c5:d5,-72.4
1674247917.24245,58:BF:25:93:7C:88,SHIELD,00:04:4b:84:44:74,-74.2
1674247917.24245,58:BF:25:93:7C:88,,20:28:bc:83:18:75,-61.8
1674247917.24245,58:BF:25:93:7C:88,ESP32-Maxim,0c:b8:15:f3:68:de,-86.4
1674247919.117964,0C:B8:15:F3:68:DC,Simon's A53,f0:65:ae:2f:c5:d5,-56.8
1674247920.2961159,58:BF:25:93:7C:88,SHIELD,00:04:4b:84:44:74,-73.2
1674247920.2961159,58:BF:25:93:7C:88,[LG] webOS TV OLED65C25LB,20:28:bc:83:18:75,-64.0
1674247920.2961159,58:BF:25:93:7C:88,Simon's A53,f0:65:ae:2f:c5:d5,-70.2
1674247922.1813586,0C:B8:15:F3:68:DC,Simon's A53,f0:65:ae:2f:c5:d5,-58.8
1674247922.1813586,0C:B8:15:F3:68:DC,ESP32-Simon-01,58:bf:25:93:7c:8a,-88.0
1674247923.3759618,58:BF:25:93:7C:88,SHIELD,00:04:4b:84:44:74,-73.0
1674247923.3759618,58:BF:25:93:7C:88,[LG] webOS TV OLED65C25LB,20:28:bc:83:18:75,-64.2
1674247923.3759618,58:BF:25:93:7C:88,ESP32-Maxim,0c:b8:15:f3:68:de,-86.6
1674247925.2788908,0C:B8:15:F3:68:DC,Simon's A53,f0:65:ae:2f:c5:d5,-60.4
1674247926.4679735,58:BF:25:93:7C:88,[LG] webOS TV OLED65C25LB,20:28:bc:83:18:75,-65.2
1674247926.4679735,58:BF:25:93:7C:88,SHIELD,00:04:4b:84:44:74,-73.8
1674247926.4679735,58:BF:25:93:7C:88,ESP32-Maxim,0c:b8:15:f3:68:de,-86.2
1674247926.4679735,58:BF:25:93:7C:88,Simon's A53,f0:65:ae:2f:c5:d5,-66.4
1674247928.2974467,0C:B8:15:F3:68:DC,Simon's A53,f0:65:ae:2f:c5:d5,-63.8
1674247929.511188,58:BF:25:93:7C:88,Simon's A53,f0:65:ae:2f:c5:d5,-64.2
1674247929.511188,58:BF:25:93:7C:88,SHIELD,00:04:4b:84:44:74,-73.6
1674247929.511188,58:BF:25:93:7C:88,[LG] webOS TV OLED65C25LB,20:28:bc:83:18:75,-64.4
1674247929.511188,58:BF:25:93:7C:88,ESP32-Maxim,0c:b8:15:f3:68:de,-86.6
1674247931.3622015,0C:B8:15:F3:68:DC,Simon's A53,f0:65:ae:2f:c5:d5,-66.4
1674247931.3622015,0C:B8:15:F3:68:DC,ESP32-Simon-01,58:bf:25:93:7c:8a,-88.0
1674247932.5786383,58:BF:25:93:7C:88,SHIELD,00:04:4b:84:44:74,-74.8
1674247932.5786383,58:BF:25:93:7C:88,[LG] webOS TV OLED65C25LB,20:28:bc:83:18:75,-64.0
1674247932.5786383,58:BF:25:93:7C:88,Simon's A53,f0:65:ae:2f:c5:d5,-63.2
1674247934.4180257,0C:B8:15:F3:68:DC,Simon's A53,f0:65:ae:2f:c5:d5,-68.0
1674247934.4180257,0C:B8:15:F3:68:DC,ESP32-Simon-01,58:bf:25:93:7c:8a,-87.8
1674247935.6559079,58:BF:25:93:7C:88,Simon's A53,f0:65:ae:2f:c5:d5,-58.6
1674247935.6559079,58:BF:25:93:7C:88,SHIELD,00:04:4b:84:44:74,-75.6
1674247935.6559079,58:BF:25:93:7C:88,[LG] webOS TV OLED65C25LB,20:28:bc:83:18:75,-62.2
1674247937.484784,0C:B8:15:F3:68:DC,Simon's A53,f0:65:ae:2f:c5:d5,-70.8
1674247938.7250266,58:BF:25:93:7C:88,[LG] webOS TV OLED65C25LB,20:28:bc:83:18:75,-61.6
1674247938.7250266,58:BF:25:93:7C:88,Simon's A53,f0:65:ae:2f:c5:d5,-58.6
1674247938.7250266,58:BF:25:93:7C:88,SHIELD,00:04:4b:84:44:74,-76.0
1674247940.5526257,0C:B8:15:F3:68:DC,Simon's A53,f0:65:ae:2f:c5:d5,-72.0
1674247941.793915,58:BF:25:93:7C:88,SHIELD,00:04:4b:84:44:74,-75.0
1674247941.793915,58:BF:25:93:7C:88,Simon's A53,f0:65:ae:2f:c5:d5,-58.2
1674247941.793915,58:BF:25:93:7C:88,[LG] webOS TV OLED65C25LB,20:28:bc:83:18:75,-59.6
1674247941.793915,58:BF:25:93:7C:88,ESP32-Maxim,0c:b8:15:f3:68:de,-88.0
1674247943.6168623,0C:B8:15:F3:68:DC,Simon's A53,f0:65:ae:2f:c5:d5,-74.0
1674247944.8646119,58:BF:25:93:7C:88,SHIELD,00:04:4b:84:44:74,-75.2
1674247944.8646119,58:BF:25:93:7C:88,Simon's A53,f0:65:ae:2f:c5:d5,-55.4
1674247944.8646119,58:BF:25:93:7C:88,[LG] webOS TV OLED65C25LB,20:28:bc:83:18:75,-60.4
1674247944.8646119,58:BF:25:93:7C:88,,0c:b8:15:f3:68:de,-89.0
1674247946.6824074,0C:B8:15:F3:68:DC,Simon's A53,f0:65:ae:2f:c5:d5,-74.2
1674247946.6824074,0C:B8:15:F3:68:DC,,58:bf:25:93:7c:8a,-87.8
1674247947.9293077,58:BF:25:93:7C:88,Simon's A53,f0:65:ae:2f:c5:d5,-54.4
1674247947.9293077,58:BF:25:93:7C:88,SHIELD,00:04:4b:84:44:74,-75.0
1674247947.9293077,58:BF:25:93:7C:88,[LG] webOS TV OLED65C25LB,20:28:bc:83:18:75,-61.0
1674247949.7426946,0C:B8:15:F3:68:DC,,f0:65:ae:2f:c5:d5,-74.0
1674247949.7426946,0C:B8:15:F3:68:DC,ESP32-Simon-01,58:bf:25:93:7c:8a,-89.0
1674247951.029046,58:BF:25:93:7C:88,[LG] webOS TV OLED65C25LB,20:28:bc:83:18:75,-61.2
1674247951.029046,58:BF:25:93:7C:88,SHIELD,00:04:4b:84:44:74,-75.4
1674247951.029046,58:BF:25:93:7C:88,Simon's A53,f0:65:ae:2f:c5:d5,-54.4
1674247952.7904222,0C:B8:15:F3:68:DC,Simon's A53,f0:65:ae:2f:c5:d5,-72.6
1674247954.1246185,58:BF:25:93:7C:88,[LG] webOS TV OLED65C25LB,20:28:bc:83:18:75,-61.4
1674247954.1246185,58:BF:25:93:7C:88,SHIELD,00:04:4b:84:44:74,-75.2
1674247954.1246185,58:BF:25:93:7C:88,Simon's A53,f0:65:ae:2f:c5:d5,-52.8
1674247955.8649774,0C:B8:15:F3:68:DC,Simon's A53,f0:65:ae:2f:c5:d5,-72.2
1674247957.1852427,58:BF:25:93:7C:88,Simon's A53,f0:65:ae:2f:c5:d5,-51.0
1674247957.1852427,58:BF:25:93:7C:88,SHIELD,00:04:4b:84:44:74,-75.4
1674247957.1852427,58:BF:25:93:7C:88,[LG] webOS TV OLED65C25LB,20:28:bc:83:18:75,-63.2
1674247957.1852427,58:BF:25:93:7C:88,ESP32-Maxim,0c:b8:15:f3:68:de,-88.6
1674247958.9245996,0C:B8:15:F3:68:DC,Simon's A53,f0:65:ae:2f:c5:d5,-70.4
1674247960.2395654,58:BF:25:93:7C:88,[LG] webOS TV OLED65C25LB,20:28:bc:83:18:75,-62.6
1674247960.2395654,58:BF:25:93:7C:88,SHIELD,00:04:4b:84:44:74,-75.8
1674247960.2395654,58:BF:25:93:7C:88,Simon's A53,f0:65:ae:2f:c5:d5,-50.6
1674247960.2395654,58:BF:25:93:7C:88,ESP32-Maxim,0c:b8:15:f3:68:de,-89.4
1674247961.9882944,0C:B8:15:F3:68:DC,Simon's A53,f0:65:ae:2f:c5:d5,-73.2
1674247961.9882944,0C:B8:15:F3:68:DC,ESP32-Simon-01,58:bf:25:93:7c:8a,-90.0
1674247963.3228498,58:BF:25:93:7C:88,SHIELD,00:04:4b:84:44:74,-75.2
1674247963.3228498,58:BF:25:93:7C:88,[LG] webOS TV OLED65C25LB,20:28:bc:83:18:75,-61.8
1674247963.3228498,58:BF:25:93:7C:88,Simon's A53,f0:65:ae:2f:c5:d5,-50.4
1674247965.0622294,0C:B8:15:F3:68:DC,Simon's A53,f0:65:ae:2f:c5:d5,-74.4
1674247966.394453,58:BF:25:93:7C:88,SHIELD,00:04:4b:84:44:74,-74.6
1674247966.394453,58:BF:25:93:7C:88,[LG] webOS TV OLED65C25LB,20:28:bc:83:18:75,-61.6
1674247966.394453,58:BF:25:93:7C:88,Simon's A53,f0:65:ae:2f:c5:d5,-48.6
1674247966.394453,58:BF:25:93:7C:88,ESP32-Maxim,0c:b8:15:f3:68:de,-88.0
1674247969.4591646,58:BF:25:93:7C:88,Simon's A53,f0:65:ae:2f:c5:d5,-47.6
1674247969.4591646,58:BF:25:93:7C:88,SHIELD,00:04:4b:84:44:74,-74.8
1674247969.4591646,58:BF:25:93:7C:88,[LG] webOS TV OLED65C25LB,20:28:bc:83:18:75,-61.6
1674247969.4591646,58:BF:25:93:7C:88,ESP32-Maxim,0c:b8:15:f3:68:de,-88.4
1674247971.170734,0C:B8:15:F3:68:DC,ESP32-Simon-01,58:bf:25:93:7c:8a,-89.0
1674247972.5683568,58:BF:25:93:7C:88,[LG] webOS TV OLED65C25LB,20:28:bc:83:18:75,-60.8
1674247972.5683568,58:BF:25:93:7C:88,SHIELD,00:04:4b:84:44:74,-74.8
1674247972.5683568,58:BF:25:93:7C:88,ESP32-Maxim,0c:b8:15:f3:68:de,-86.6
1674247975.6536474,58:BF:25:93:7C:88,SHIELD,00:04:4b:84:44:74,-73.8
1674247975.6536474,58:BF:25:93:7C:88,[LG] webOS TV OLED65C25LB,20:28:bc:83:18:75,-64.4
1674247975.6536474,58:BF:25:93:7C:88,ESP32-Maxim,0c:b8:15:f3:68:de,-88.0
1674247977.3010905,0C:B8:15:F3:68:DC,Simon's A53,f0:65:ae:2f:c5:d5,-76.0
1674247978.731182,58:BF:25:93:7C:88,,f0:65:ae:2f:c5:d5,-47.4
1674247978.731182,58:BF:25:93:7C:88,SHIELD,00:04:4b:84:44:74,-75.0
1674247978.731182,58:BF:25:93:7C:88,[LG] webOS TV OLED65C25LB,20:28:bc:83:18:75,-65.4
1674247978.731182,58:BF:25:93:7C:88,ESP32-Maxim,0c:b8:15:f3:68:de,-88.8
1674247981.80611,58:BF:25:93:7C:88,SHIELD,00:04:4b:84:44:74,-74.8
1674247981.80611,58:BF:25:93:7C:88,ESP32-Maxim,0c:b8:15:f3:68:de,-90.0
1674247981.80611,58:BF:25:93:7C:88,[LG] webOS TV OLED65C25LB,20:28:bc:83:18:75,-66.0
1674247984.8730392,58:BF:25:93:7C:88,SHIELD,00:04:4b:84:44:74,-75.2
1674247984.8730392,58:BF:25:93:7C:88,[LG] webOS TV OLED65C25LB,20:28:bc:83:18:75,-67.2
1674247987.9562147,58:BF:25:93:7C:88,SHIELD,00:04:4b:84:44:74,-75.6
1674247987.9562147,58:BF:25:93:7C:88,[LG] webOS TV OLED65C25LB,20:28:bc:83:18:75,-66.4
1674247987.9562147,58:BF:25:93:7C:88,ESP32-Maxim,0c:b8:15:f3:68:de,-88.0
1674247991.0228267,58:BF:25:93:7C:88,SHIELD,00:04:4b:84:44:74,-75.4
1674247991.0228267,58:BF:25:93:7C:88,[LG] webOS TV OLED65C25LB,20:28:bc:83:18:75,-64.2
1674247994.1100094,58:BF:25:93:7C:88,SHIELD,00:04:4b:84:44:74,-74.2
1674247994.1100094,58:BF:25:93:7C:88,[LG] webOS TV OLED65C25LB,20:28:bc:83:18:75,-63.4
1674247994.1100094,58:BF:25:93:7C:88,ESP32-Maxim,0c:b8:15:f3:68:de,-88.6
1674247997.1564167,58:BF:25:93:7C:88,[LG] webOS TV OLED65C25LB,20:28:bc:83:18:75,-63.4
1674247997.1564167,58:BF:25:93:7C:88,SHIELD,00:04:4b:84:44:74,-74.0
1674247997.1564167,58:BF:25:93:7C:88,ESP32-Maxim,0c:b8:15:f3:68:de,-88.6
1674248000.2276626,58:BF:25:93:7C:88,SHIELD,00:04:4b:84:44:74,-73.6
1674248000.2276626,58:BF:25:93:7C:88,[LG] webOS TV OLED65C25LB,20:28:bc:83:18:75,-65.4
1674248000.2276626,58:BF:25:93:7C:88,ESP32-Maxim,0c:b8:15:f3:68:de,-86.6
1674248003.3039079,58:BF:25:93:7C:88,SHIELD,00:04:4b:84:44:74,-74.0
1674248003.3039079,58:BF:25:93:7C:88,[LG] webOS TV OLED65C25LB,20:28:bc:83:18:75,-65.6
1674248006.3927221,58:BF:25:93:7C:88,SHIELD,00:04:4b:84:44:74,-73.6
1674248006.3927221,58:BF:25:93:7C:88,[LG] webOS TV OLED65C25LB,20:28:bc:83:18:75,-64.0
1674248006.3927221,58:BF:25:93:7C:88,ESP32-Maxim,0c:b8:15:f3:68:de,-86.4
1674248009.444489,58:BF:25:93:7C:88,[LG] webOS TV OLED65C25LB,20:28:bc:83:18:75,-64.2
1674248009.444489,58:BF:25:93:7C:88,SHIELD,00:04:4b:84:44:74,-73.6
1674248009.444489,58:BF:25:93:7C:88,ESP32-Maxim,0c:b8:15:f3:68:de,-86.4
1674248012.5156105,58:BF:25:93:7C:88,SHIELD,00:04:4b:84:44:74,-73.6
1674248012.5156105,58:BF:25:93:7C:88,[LG] webOS TV OLED65C25LB,20:28:bc:83:18:75,-65.4
1674248015.5884895,58:BF:25:93:7C:88,SHIELD,00:04:4b:84:44:74,-74.0
1674248015.5884895,58:BF:25:93:7C:88,[LG] webOS TV OLED65C25LB,20:28:bc:83:18:75,-65.6
1674248018.673959,58:BF:25:93:7C:88,SHIELD,00:04:4b:84:44:74,-73.0
1674248018.673959,58:BF:25:93:7C:88,ESP32-Maxim,0c:b8:15:f3:68:de,-87.0
1674248018.673959,58:BF:25:93:7C:88,,20:28:bc:83:18:75,-65.6
1674248021.7609248,58:BF:25:93:7C:88,SHIELD,00:04:4b:84:44:74,-74.2
1674248021.7609248,58:BF:25:93:7C:88,[LG] webOS TV OLED65C25LB,20:28:bc:83:18:75,-66.0
1674248021.7609248,58:BF:25:93:7C:88,ESP32-Maxim,0c:b8:15:f3:68:de,-86.8
1674248024.8376446,58:BF:25:93:7C:88,[LG] webOS TV OLED65C25LB,20:28:bc:83:18:75,-66.6
1674248024.8376446,58:BF:25:93:7C:88,SHIELD,00:04:4b:84:44:74,-74.2
1674248024.8376446,58:BF:25:93:7C:88,ESP32-Maxim,0c:b8:15:f3:68:de,-86.8
1674248027.9008927,58:BF:25:93:7C:88,SHIELD,00:04:4b:84:44:74,-74.2
1674248027.9008927,58:BF:25:93:7C:88,[LG] webOS TV OLED65C25LB,20:28:bc:83:18:75,-65.4
1674248027.9008927,58:BF:25:93:7C:88,,0c:b8:15:f3:68:de,-86.2
1674248030.9616983,58:BF:25:93:7C:88,,00:04:4b:84:44:74,-73.2
1674248030.9616983,58:BF:25:93:7C:88,[LG] webOS TV OLED65C25LB,20:28:bc:83:18:75,-62.4
1674248034.0321035,58:BF:25:93:7C:88,SHIELD,00:04:4b:84:44:74,-73.8
1674248034.0321035,58:BF:25:93:7C:88,[LG] webOS TV OLED65C25LB,20:28:bc:83:18:75,-62.4
1674248034.0321035,58:BF:25:93:7C:88,ESP32-Maxim,0c:b8:15:f3:68:de,-87.0
1674248037.1164012,58:BF:25:93:7C:88,,00:04:4b:84:44:74,-73.8
1674248037.1164012,58:BF:25:93:7C:88,[LG] webOS TV OLED65C25LB,20:28:bc:83:18:75,-62.6
1674248040.205325,58:BF:25:93:7C:88,SHIELD,00:04:4b:84:44:74,-74.2
1674248040.205325,58:BF:25:93:7C:88,[LG] webOS TV OLED65C25LB,20:28:bc:83:18:75,-63.4
1674248043.281715,58:BF:25:93:7C:88,SHIELD,00:04:4b:84:44:74,-74.6
1674248043.281715,58:BF:25:93:7C:88,[LG] webOS TV OLED65C25LB,20:28:bc:83:18:75,-63.0
1674248046.3492894,58:BF:25:93:7C:88,SHIELD,00:04:4b:84:44:74,-77.6
1674248046.3492894,58:BF:25:93:7C:88,[LG] webOS TV OLED65C25LB,20:28:bc:83:18:75,-64.2
1674248049.424723,58:BF:25:93:7C:88,SHIELD,00:04:4b:84:44:74,-77.4
1674248049.424723,58:BF:25:93:7C:88,[LG] webOS TV OLED65C25LB,20:28:bc:83:18:75,-63.6
1674248052.4955122,58:BF:25:93:7C:88,[LG] webOS TV OLED65C25LB,20:28:bc:83:18:75,-63.4
1674248052.4955122,58:BF:25:93:7C:88,SHIELD,00:04:4b:84:44:74,-77.4
1674248055.5629678,58:BF:25:93:7C:88,[LG] webOS TV OLED65C25LB,20:28:bc:83:18:75,-63.0
1674248055.5629678,58:BF:25:93:7C:88,SHIELD,00:04:4b:84:44:74,-78.0
1674248058.6381955,58:BF:25:93:7C:88,SHIELD,00:04:4b:84:44:74,-77.8
1674248058.6381955,58:BF:25:93:7C:88,[LG] webOS TV OLED65C25LB,20:28:bc:83:18:75,-64.0
1674248061.729088,58:BF:25:93:7C:88,,00:04:4b:84:44:74,-75.8
1674248061.729088,58:BF:25:93:7C:88,[LG] webOS TV OLED65C25LB,20:28:bc:83:18:75,-62.8
1674248064.83381,58:BF:25:93:7C:88,SHIELD,00:04:4b:84:44:74,-75.6
1674248064.83381,58:BF:25:93:7C:88,[LG] webOS TV OLED65C25LB,20:28:bc:83:18:75,-63.2
